_id,userId,skill,experience,strength
66166f90e10537e70a816c4d,66166583fc13ae7017ab925b,MongoDB,5,2
66166f90e10537e70a816c4e,66166582fc13ae7017ab916a,HTML,40,2
66166f90e10537e70a816c4f,66166581fc13ae7017ab8fab,Firebase,6,2
66166f90e10537e70a816c50,66166582fc13ae7017ab9141,Ruby,1,2
66166f90e10537e70a816c51,66166581fc13ae7017ab8fc9,CSS,1,1
66166f90e10537e70a816c52,66166582fc13ae7017ab9037,SQL,8,5
66166f90e10537e70a816c53,66166583fc13ae7017ab9198,SQL,13,4
66166f90e10537e70a816c54,66166582fc13ae7017ab909e,HTML,2,5
66166f90e10537e70a816c55,66166583fc13ae7017ab91f5,MongoDB,32,1
66166f90e10537e70a816c56,66166582fc13ae7017ab9145,HTML,20,2
66166f90e10537e70a816c57,66166583fc13ae7017ab91d9,Kubernetes,30,5
66166f90e10537e70a816c58,66166581fc13ae7017ab8f1f,Firebase,21,4
66166f90e10537e70a816c59,66166581fc13ae7017ab8f61,Angular,19,3
66166f90e10537e70a816c5a,66166583fc13ae7017ab9220,Node.js,18,1
66166f90e10537e70a816c5b,66166581fc13ae7017ab9002,Agile,4,2
66166f90e10537e70a816c5c,66166583fc13ae7017ab91b3,HTML,16,4
66166f90e10537e70a816c5d,66166582fc13ae7017ab9029,Ruby,3,3
66166f90e10537e70a816c5e,66166582fc13ae7017ab90ef,Git,29,4
66166f90e10537e70a816c5f,66166581fc13ae7017ab8ff7,Git,13,4
66166f90e10537e70a816c60,66166581fc13ae7017ab8fe2,Firebase,40,2
66166f90e10537e70a816c61,66166583fc13ae7017ab92ce,Agile,1,4
66166f90e10537e70a816c62,66166582fc13ae7017ab90d8,Java,12,3
66166f90e10537e70a816c63,66166583fc13ae7017ab92d9,Angular,43,4
66166f90e10537e70a816c64,66166582fc13ae7017ab912a,JavaScript,32,5
66166f90e10537e70a816c65,66166583fc13ae7017ab922b,Java,20,1
66166f90e10537e70a816c66,66166583fc13ae7017ab928c,Objective-C,17,5
66166f90e10537e70a816c67,66166583fc13ae7017ab922d,C++,14,3
66166f90e10537e70a816c68,66166581fc13ae7017ab8fb3,MongoDB,29,3
66166f90e10537e70a816c69,66166581fc13ae7017ab8f44,HTML,7,1
66166f90e10537e70a816c6a,66166582fc13ae7017ab9167,MongoDB,30,5
66166f90e10537e70a816c6b,66166582fc13ae7017ab9196,Ruby,8,2
66166f90e10537e85f4fe470,66166583fc13ae7017ab91e7,SQL,28,2
66166f90e10537e85f4fe471,66166583fc13ae7017ab92dc,CSS,8,5
66166f90e10537e85f4fe472,66166582fc13ae7017ab90f6,Java,42,3
66166f90e10537e85f4fe473,66166583fc13ae7017ab9217,C++,27,2
66166f90e10537e85f4fe474,66166581fc13ae7017ab9021,JavaScript,31,2
66166f90e10537e85f4fe475,66166581fc13ae7017ab8ffc,PHP,19,5
66166f90e10537e85f4fe476,66166583fc13ae7017ab91e0,Python,42,3
66166f90e10537e85f4fe477,66166582fc13ae7017ab9069,React,37,1
66166f90e10537e85f4fe478,66166583fc13ae7017ab92db,C++,35,5
66166f90e10537e85f4fe479,66166583fc13ae7017ab9255,Angular,12,3
66166f90e10537e85f4fe47a,66166583fc13ae7017ab9239,Git,41,4
66166f90e10537e85f4fe47b,66166581fc13ae7017ab8f76,Agile,45,5
66166f90e10537e85f4fe47c,66166581fc13ae7017ab8f77,Agile,8,4
66166f90e10537e85f4fe47d,66166583fc13ae7017ab91c1,Node.js,37,1
66166f90e10537e85f4fe47e,66166581fc13ae7017ab8fc9,Java,22,5
66166f90e10537e85f4fe47f,66166583fc13ae7017ab92a9,Angular,30,1
66166f90e10537e85f4fe480,66166582fc13ae7017ab903c,Git,18,1
66166f90e10537e85f4fe481,66166581fc13ae7017ab9004,C++,5,2
66166f90e10537e85f4fe482,66166581fc13ae7017ab8f99,React,2,2
66166f90e10537e85f4fe483,66166582fc13ae7017ab914c,Firebase,43,5
66166f90e10537e85f4fe484,66166581fc13ae7017ab8fbe,Java,32,1
66166f90e10537e85f4fe485,66166581fc13ae7017ab8f4d,Node.js,35,1
66166f90e10537e85f4fe486,66166581fc13ae7017ab8f4d,Java,3,5
66166f90e10537e85f4fe487,66166581fc13ae7017ab8f73,Angular,20,1
66166f90e10537e85f4fe488,66166581fc13ae7017ab8f46,Swift,7,4
66166f90e10537e85f4fe489,66166581fc13ae7017ab8f4b,Ruby,31,4
66166f90e10537e85f4fe48a,66166582fc13ae7017ab9089,CSS,5,5
66166f90e10537e85f4fe48b,66166581fc13ae7017ab8f7e,Swift,5,5
66166f90e10537e85f4fe48c,66166581fc13ae7017ab8f38,CSS,36,4
66166f90e10537e85f4fe48d,66166581fc13ae7017ab8fe9,Node.js,36,3
66166f90e10537e85f4fe48e,66166583fc13ae7017ab91ba,Node.js,39,4
66166f90e10537e7916ba1a0,66166583fc13ae7017ab9228,SQL,32,1
66166f90e10537e7916ba1a1,66166581fc13ae7017ab8f31,C++,26,3
66166f90e10537e7916ba1a2,66166582fc13ae7017ab90a9,Java,29,1
66166f90e10537e7916ba1a3,66166582fc13ae7017ab913b,Objective-C,43,3
66166f90e10537e7916ba1a4,66166582fc13ae7017ab9150,Node.js,22,2
66166f90e10537e7916ba1a5,66166582fc13ae7017ab9071,Git,31,5
66166f90e10537e7916ba1a6,66166582fc13ae7017ab9089,Java,45,1
66166f90e10537e7916ba1a7,66166582fc13ae7017ab9081,HTML,42,1
66166f90e10537e7916ba1a8,66166583fc13ae7017ab91d1,React,1,2
66166f90e10537e7916ba1a9,66166581fc13ae7017ab8f78,Objective-C,41,3
66166f90e10537e7916ba1aa,66166583fc13ae7017ab9284,CSS,40,3
66166f90e10537e7916ba1ab,66166582fc13ae7017ab9098,Firebase,37,4
66166f90e10537e7916ba1ac,66166581fc13ae7017ab8fd3,C++,23,2
66166f90e10537e7916ba1ad,66166581fc13ae7017ab8fd6,C++,14,3
66166f90e10537e7916ba1ae,66166581fc13ae7017ab8fe1,SQL,26,2
66166f90e10537e7916ba1af,66166582fc13ae7017ab90f0,MongoDB,45,4
66166f90e10537e7916ba1b0,66166582fc13ae7017ab9166,JavaScript,37,3
66166f90e10537e7916ba1b1,66166581fc13ae7017ab9013,C++,3,2
66166f90e10537e7916ba1b2,66166583fc13ae7017ab91ce,Agile,37,5
66166f90e10537e7916ba1b3,66166582fc13ae7017ab903a,SQL,28,5
66166f90e10537e7916ba1b4,66166583fc13ae7017ab9207,Swift,23,1
66166f90e10537e7916ba1b5,66166582fc13ae7017ab9188,MongoDB,43,1
66166f90e10537e7916ba1b6,66166581fc13ae7017ab8fe1,Java,13,3
66166f90e10537e7916ba1b7,66166583fc13ae7017ab9249,MongoDB,32,3
66166f90e10537e7916ba1b8,66166583fc13ae7017ab91ef,Swift,21,2
66166f90e10537e7916ba1b9,66166581fc13ae7017ab8f22,React,8,2
66166f90e10537e7916ba1ba,66166581fc13ae7017ab8f79,Git,7,3
66166f90e10537e7916ba1bb,66166583fc13ae7017ab9294,C++,9,3
66166f90e10537e7916ba1bc,66166583fc13ae7017ab92ad,SQL,3,4
66166f90e10537e7916ba1bd,66166582fc13ae7017ab907c,Java,13,4
66166f90e10537e7916ba1be,66166582fc13ae7017ab903e,Firebase,17,1
66166f90e10537e8c57ab3a8,66166581fc13ae7017ab901a,MongoDB,35,2
66166f90e10537e8c57ab3a9,66166581fc13ae7017ab900b,Agile,18,2
66166f90e10537e8c57ab3aa,66166582fc13ae7017ab9161,Ruby,18,1
66166f90e10537e8c57ab3ab,66166583fc13ae7017ab92a7,Python,31,4
66166f90e10537e8c57ab3ac,66166581fc13ae7017ab8fad,C++,45,4
66166f90e10537e8c57ab3ad,66166583fc13ae7017ab91c9,Docker,41,4
66166f90e10537e8c57ab3ae,66166583fc13ae7017ab9231,Kubernetes,34,5
66166f90e10537e8c57ab3af,66166583fc13ae7017ab9244,Agile,23,3
66166f90e10537e8c57ab3b0,66166581fc13ae7017ab8fef,MongoDB,1,4
66166f90e10537e8c57ab3b1,66166583fc13ae7017ab926a,Swift,24,3
66166f90e10537e8c57ab3b2,66166581fc13ae7017ab8f2c,Python,26,1
66166f90e10537e8c57ab3b3,66166581fc13ae7017ab9014,Kubernetes,3,3
66166f90e10537e8c57ab3b4,66166582fc13ae7017ab9154,Git,13,5
66166f90e10537e8c57ab3b5,66166581fc13ae7017ab8ffa,Angular,18,5
66166f90e10537e8c57ab3b6,66166581fc13ae7017ab9011,Firebase,41,4
66166f90e10537e8c57ab3b7,66166583fc13ae7017ab924b,JavaScript,18,5
66166f90e10537e8c57ab3b8,66166581fc13ae7017ab8f90,Objective-C,24,5
66166f90e10537e8c57ab3b9,66166581fc13ae7017ab8f53,SQL,44,3
66166f90e10537e8c57ab3ba,66166582fc13ae7017ab90b3,Firebase,1,1
66166f90e10537e8c57ab3bb,66166582fc13ae7017ab9077,Git,23,3
66166f90e10537e8c57ab3bc,66166583fc13ae7017ab925e,PHP,19,2
66166f90e10537e8c57ab3bd,66166581fc13ae7017ab8f66,Python,30,5
66166f90e10537e8c57ab3be,66166582fc13ae7017ab915b,Git,39,3
66166f90e10537e8c57ab3bf,66166582fc13ae7017ab9032,MongoDB,9,4
66166f90e10537e8c57ab3c0,66166582fc13ae7017ab915e,Kubernetes,25,4
66166f90e10537e8c57ab3c1,66166581fc13ae7017ab8fde,Firebase,13,1
66166f90e10537e8c57ab3c2,66166581fc13ae7017ab8f6e,React,30,2
66166f90e10537e8c57ab3c3,66166583fc13ae7017ab9224,Objective-C,39,5
66166f90e10537e8c57ab3c4,66166581fc13ae7017ab8f2f,Kubernetes,8,2
66166f90e10537e8c57ab3c5,66166583fc13ae7017ab91c4,JavaScript,39,4
66166f90e10537e8c57ab3c6,66166583fc13ae7017ab91e5,Python,21,5
66166f90e10537e83cb67436,66166581fc13ae7017ab8fee,React,14,2
66166f90e10537e83cb67437,66166582fc13ae7017ab903b,Git,16,1
66166f90e10537e83cb67438,66166583fc13ae7017ab9217,PHP,5,1
66166f90e10537e83cb67439,66166581fc13ae7017ab8f2a,Git,11,3
66166f90e10537e83cb6743a,66166582fc13ae7017ab90f5,CSS,29,1
66166f90e10537e83cb6743b,66166583fc13ae7017ab920b,Objective-C,17,4
66166f90e10537e83cb6743c,66166583fc13ae7017ab9282,MongoDB,32,2
66166f90e10537e83cb6743d,66166583fc13ae7017ab926f,Python,13,5
66166f90e10537e83cb6743e,66166583fc13ae7017ab91ee,CSS,37,3
66166f90e10537e83cb6743f,66166582fc13ae7017ab9032,Agile,35,3
66166f90e10537e83cb67440,66166583fc13ae7017ab925a,MongoDB,7,3
66166f90e10537e83cb67441,66166582fc13ae7017ab9127,Java,25,4
66166f90e10537e83cb67442,66166582fc13ae7017ab9039,JavaScript,39,2
66166f90e10537e83cb67443,66166581fc13ae7017ab9023,Java,31,4
66166f90e10537e83cb67444,66166583fc13ae7017ab91fa,Objective-C,30,2
66166f90e10537e83cb67445,66166582fc13ae7017ab908d,SQL,23,5
66166f90e10537e83cb67446,66166581fc13ae7017ab8f8c,Ruby,33,4
66166f90e10537e83cb67447,66166581fc13ae7017ab8ffa,React,42,2
66166f90e10537e83cb67448,66166583fc13ae7017ab9282,Ruby,31,4
66166f90e10537e83cb67449,66166583fc13ae7017ab9231,JavaScript,11,5
66166f90e10537e83cb6744a,66166582fc13ae7017ab90d6,Ruby,33,4
66166f90e10537e83cb6744b,66166581fc13ae7017ab9025,C++,25,4
66166f90e10537e83cb6744c,66166583fc13ae7017ab91e5,Agile,13,2
66166f90e10537e83cb6744d,66166582fc13ae7017ab9142,Python,19,5
66166f90e10537e83cb6744e,66166581fc13ae7017ab8fc7,Swift,37,4
66166f90e10537e83cb6744f,66166583fc13ae7017ab91dc,Swift,20,2
66166f90e10537e83cb67450,66166581fc13ae7017ab9006,PHP,6,3
66166f90e10537e83cb67451,66166582fc13ae7017ab90e7,Objective-C,17,1
66166f90e10537e83cb67452,66166582fc13ae7017ab906b,React,15,2
66166f90e10537e83cb67453,66166583fc13ae7017ab92a1,Node.js,18,4
66166f90e10537e83cb67454,66166583fc13ae7017ab9264,Firebase,29,4
66166f90e10537e83e6ca4c9,66166582fc13ae7017ab90c2,JavaScript,27,5
66166f90e10537e83e6ca4ca,66166582fc13ae7017ab9055,CSS,40,4
66166f90e10537e83e6ca4cb,66166582fc13ae7017ab90af,CSS,28,1
66166f90e10537e83e6ca4cc,66166583fc13ae7017ab92a7,Git,18,2
66166f90e10537e83e6ca4cd,66166582fc13ae7017ab9073,Java,17,4
66166f90e10537e83e6ca4ce,66166581fc13ae7017ab8f6c,MongoDB,31,4
66166f90e10537e83e6ca4cf,66166582fc13ae7017ab913f,MongoDB,26,2
66166f90e10537e83e6ca4d0,66166583fc13ae7017ab9240,Java,29,4
66166f90e10537e83e6ca4d1,66166583fc13ae7017ab91a1,Agile,11,4
66166f90e10537e83e6ca4d2,66166581fc13ae7017ab8f45,Java,8,4
66166f90e10537e83e6ca4d3,66166583fc13ae7017ab9289,Swift,11,1
66166f90e10537e83e6ca4d4,66166581fc13ae7017ab8f12,Kubernetes,39,2
66166f90e10537e83e6ca4d5,66166583fc13ae7017ab92ce,Firebase,24,5
66166f90e10537e83e6ca4d6,66166582fc13ae7017ab913a,JavaScript,25,2
66166f90e10537e83e6ca4d7,66166582fc13ae7017ab90ea,CSS,38,2
66166f90e10537e83e6ca4d8,66166583fc13ae7017ab9256,Agile,9,3
66166f90e10537e83e6ca4d9,66166583fc13ae7017ab91fc,JavaScript,10,1
66166f90e10537e83e6ca4da,66166583fc13ae7017ab91cb,JavaScript,1,4
66166f90e10537e83e6ca4db,66166582fc13ae7017ab9164,Java,19,1
66166f90e10537e83e6ca4dc,66166581fc13ae7017ab8fed,Objective-C,33,3
66166f90e10537e83e6ca4dd,66166582fc13ae7017ab913f,SQL,18,4
66166f90e10537e83e6ca4de,66166582fc13ae7017ab9115,MongoDB,10,5
66166f90e10537e83e6ca4df,66166582fc13ae7017ab9094,CSS,42,4
66166f90e10537e83e6ca4e0,66166581fc13ae7017ab8f7e,Java,44,3
66166f90e10537e83e6ca4e1,66166582fc13ae7017ab90b2,Ruby,16,2
66166f90e10537e83e6ca4e2,66166581fc13ae7017ab8f7e,Objective-C,33,1
66166f90e10537e83e6ca4e3,66166582fc13ae7017ab918a,Objective-C,41,5
66166f90e10537e83e6ca4e4,66166581fc13ae7017ab8f9f,SQL,32,5
66166f90e10537e83e6ca4e5,66166582fc13ae7017ab907c,SQL,29,5
66166f90e10537e83e6ca4e6,66166581fc13ae7017ab8fdc,Kubernetes,38,3
66166f90e10537e83e6ca4e7,66166582fc13ae7017ab912f,PHP,32,2
66166f90e10537e8928bbf46,66166581fc13ae7017ab8fa3,Docker,25,5
66166f90e10537e8928bbf47,66166582fc13ae7017ab9026,CSS,32,1
66166f90e10537e8928bbf48,66166583fc13ae7017ab9270,Ruby,37,2
66166f90e10537e8928bbf49,66166582fc13ae7017ab90be,React,36,4
66166f90e10537e8928bbf4a,66166581fc13ae7017ab8fd6,Java,39,2
66166f90e10537e8928bbf4b,66166581fc13ae7017ab8ff7,HTML,22,2
66166f90e10537e8928bbf4c,66166581fc13ae7017ab8f70,HTML,32,5
66166f90e10537e8928bbf4d,66166583fc13ae7017ab92d0,MongoDB,1,2
66166f90e10537e8928bbf4e,66166581fc13ae7017ab8f0f,Java,28,2
66166f90e10537e8928bbf4f,66166581fc13ae7017ab8f9b,SQL,32,3
66166f90e10537e8928bbf50,66166581fc13ae7017ab8f51,Git,43,1
66166f90e10537e8928bbf51,66166582fc13ae7017ab9087,JavaScript,8,1
66166f90e10537e8928bbf52,66166581fc13ae7017ab901f,CSS,35,5
66166f90e10537e8928bbf53,66166583fc13ae7017ab92bd,Objective-C,18,4
66166f90e10537e8928bbf54,66166581fc13ae7017ab8f8f,Kubernetes,12,4
66166f90e10537e8928bbf55,66166582fc13ae7017ab9046,Git,45,3
66166f90e10537e8928bbf56,66166583fc13ae7017ab92eb,Java,17,4
66166f90e10537e8928bbf57,66166581fc13ae7017ab8fbe,Docker,36,2
66166f90e10537e8928bbf58,66166583fc13ae7017ab91f9,HTML,33,5
66166f90e10537e8928bbf59,66166582fc13ae7017ab910f,C++,33,4
66166f90e10537e8928bbf5a,66166583fc13ae7017ab9231,CSS,26,3
66166f90e10537e8928bbf5b,66166582fc13ae7017ab905e,Python,14,3
66166f90e10537e8928bbf5c,66166583fc13ae7017ab926b,MongoDB,33,2
66166f90e10537e8928bbf5d,66166582fc13ae7017ab90fb,Python,33,3
66166f90e10537e8928bbf5e,66166583fc13ae7017ab9202,Node.js,34,3
66166f90e10537e8928bbf5f,66166581fc13ae7017ab9013,Agile,34,1
66166f90e10537e8928bbf60,66166582fc13ae7017ab909e,Swift,29,2
66166f90e10537e8928bbf61,66166582fc13ae7017ab9188,Python,34,1
66166f90e10537e8928bbf62,66166583fc13ae7017ab924a,HTML,31,4
66166f90e10537e8928bbf63,66166583fc13ae7017ab91a3,MongoDB,41,1
66166f90e10537e8928bbf64,66166582fc13ae7017ab9038,Angular,44,4
66166f90e10537e7c5210389,66166581fc13ae7017ab8f71,SQL,32,5
66166f90e10537e7c521038a,66166583fc13ae7017ab9220,React,41,4
66166f90e10537e7c521038b,66166583fc13ae7017ab9273,MongoDB,15,2
66166f90e10537e7c521038c,66166581fc13ae7017ab8fc6,Java,45,5
66166f90e10537e7c521038d,66166581fc13ae7017ab8f3e,CSS,39,5
66166f90e10537e7c521038e,66166583fc13ae7017ab92cc,Docker,19,4
66166f90e10537e7c521038f,66166582fc13ae7017ab9117,Angular,2,2
66166f90e10537e7c5210390,66166581fc13ae7017ab8f6a,Ruby,32,1
66166f90e10537e7c5210391,66166581fc13ae7017ab8f6d,SQL,41,4
66166f90e10537e7c5210392,66166581fc13ae7017ab8f3f,Ruby,24,1
66166f90e10537e7c5210393,66166583fc13ae7017ab92ed,HTML,10,3
66166f90e10537e7c5210394,66166582fc13ae7017ab90b6,C++,20,5
66166f90e10537e7c5210395,66166582fc13ae7017ab9051,Swift,31,4
66166f90e10537e7c5210396,66166581fc13ae7017ab8ff6,CSS,25,2
66166f90e10537e7c5210397,66166581fc13ae7017ab9003,Kubernetes,26,1
66166f90e10537e7c5210398,66166582fc13ae7017ab910d,Firebase,26,3
66166f90e10537e7c5210399,66166581fc13ae7017ab9004,JavaScript,12,5
66166f90e10537e7c521039a,66166581fc13ae7017ab8f95,Firebase,12,5
66166f90e10537e7c521039b,66166581fc13ae7017ab8fa6,Docker,3,2
66166f90e10537e7c521039c,66166581fc13ae7017ab8fc1,SQL,9,3
66166f90e10537e7c521039d,66166582fc13ae7017ab90a4,Java,16,3
66166f90e10537e7c521039e,66166582fc13ae7017ab90b1,C++,44,3
66166f90e10537e7c521039f,66166583fc13ae7017ab9279,CSS,21,2
66166f90e10537e7c52103a0,66166583fc13ae7017ab92d9,Firebase,23,1
66166f90e10537e7c52103a1,66166583fc13ae7017ab92ef,Git,39,5
66166f90e10537e7c52103a2,66166583fc13ae7017ab920d,HTML,1,4
66166f90e10537e7c52103a3,66166582fc13ae7017ab90eb,PHP,18,4
66166f90e10537e7c52103a4,66166583fc13ae7017ab92d8,CSS,13,5
66166f90e10537e7c52103a5,66166582fc13ae7017ab905e,Angular,35,3
66166f90e10537e7c52103a6,66166582fc13ae7017ab9189,Agile,30,1
66166f90e10537e7c52103a7,66166583fc13ae7017ab91ce,React,18,1
66166f90e10537e71b41aa42,66166581fc13ae7017ab8f41,React,28,1
66166f90e10537e71b41aa43,66166583fc13ae7017ab924d,Angular,33,3
66166f90e10537e71b41aa44,66166582fc13ae7017ab90e2,Swift,31,5
66166f90e10537e71b41aa45,66166582fc13ae7017ab9097,HTML,19,4
66166f90e10537e71b41aa46,66166583fc13ae7017ab926c,PHP,16,2
66166f90e10537e71b41aa47,66166583fc13ae7017ab92ce,Python,23,4
66166f90e10537e71b41aa48,66166582fc13ae7017ab909c,SQL,7,4
66166f90e10537e71b41aa49,66166581fc13ae7017ab8f25,MongoDB,18,4
66166f90e10537e71b41aa4a,66166583fc13ae7017ab920d,C++,45,4
66166f90e10537e71b41aa4b,66166581fc13ae7017ab8f11,Git,24,2
66166f90e10537e71b41aa4c,66166583fc13ae7017ab9265,Kubernetes,43,2
66166f90e10537e71b41aa4d,66166581fc13ae7017ab8fb5,Angular,22,3
66166f90e10537e71b41aa4e,66166582fc13ae7017ab90aa,C++,24,4
66166f90e10537e71b41aa4f,66166582fc13ae7017ab917f,Swift,26,4
66166f90e10537e71b41aa50,66166582fc13ae7017ab9142,SQL,31,4
66166f90e10537e71b41aa51,66166582fc13ae7017ab90bb,Git,40,3
66166f90e10537e71b41aa52,66166583fc13ae7017ab9250,CSS,4,4
66166f90e10537e71b41aa53,66166582fc13ae7017ab9046,Python,22,3
66166f90e10537e71b41aa54,66166583fc13ae7017ab92a3,MongoDB,34,3
66166f90e10537e71b41aa55,66166583fc13ae7017ab92c5,Java,33,5
66166f90e10537e71b41aa56,66166583fc13ae7017ab92cd,Python,22,1
66166f90e10537e71b41aa57,66166582fc13ae7017ab918b,Java,42,3
66166f90e10537e71b41aa58,66166582fc13ae7017ab911d,Agile,4,3
66166f90e10537e71b41aa59,66166581fc13ae7017ab8fff,C++,2,1
66166f90e10537e71b41aa5a,66166582fc13ae7017ab911f,Git,26,5
66166f90e10537e71b41aa5b,66166581fc13ae7017ab8f20,SQL,9,4
66166f90e10537e71b41aa5c,66166582fc13ae7017ab902f,Kubernetes,25,3
66166f90e10537e71b41aa5d,66166583fc13ae7017ab9281,Firebase,31,3
66166f90e10537e71b41aa5e,66166582fc13ae7017ab9105,Swift,14,4
66166f90e10537e71b41aa5f,66166582fc13ae7017ab90f6,HTML,40,1
66166f90e10537e71b41aa60,66166581fc13ae7017ab8f7e,Angular,8,2
66166f90e10537e8a3bcf149,66166582fc13ae7017ab9095,SQL,30,4
66166f90e10537e8a3bcf14a,66166583fc13ae7017ab91db,PHP,34,5
66166f90e10537e8a3bcf14b,66166583fc13ae7017ab923b,C++,1,4
66166f90e10537e8a3bcf14c,66166583fc13ae7017ab91b6,Firebase,2,1
66166f90e10537e8a3bcf14d,66166583fc13ae7017ab92d5,Java,17,2
66166f90e10537e8a3bcf14e,66166582fc13ae7017ab9154,CSS,20,4
66166f90e10537e8a3bcf14f,66166581fc13ae7017ab8f21,Ruby,17,2
66166f90e10537e8a3bcf150,66166581fc13ae7017ab8fd8,Node.js,18,2
66166f90e10537e8a3bcf151,66166583fc13ae7017ab921c,Python,44,3
66166f90e10537e8a3bcf152,66166583fc13ae7017ab9280,HTML,16,2
66166f90e10537e8a3bcf153,66166581fc13ae7017ab901e,Ruby,35,5
66166f90e10537e8a3bcf154,66166582fc13ae7017ab9090,CSS,42,1
66166f90e10537e8a3bcf155,66166583fc13ae7017ab92be,Ruby,8,2
66166f90e10537e8a3bcf156,66166583fc13ae7017ab92d7,Ruby,42,2
66166f90e10537e8a3bcf157,66166583fc13ae7017ab9290,Ruby,18,2
66166f90e10537e8a3bcf158,66166583fc13ae7017ab91fa,PHP,27,5
66166f90e10537e8a3bcf159,66166581fc13ae7017ab8f0c,Java,14,1
66166f90e10537e8a3bcf15a,66166583fc13ae7017ab9210,Agile,34,2
66166f90e10537e8a3bcf15b,66166583fc13ae7017ab91e5,MongoDB,24,4
66166f90e10537e8a3bcf15c,66166583fc13ae7017ab91ba,CSS,10,5
66166f90e10537e8a3bcf15d,66166581fc13ae7017ab8f53,Agile,34,4
66166f90e10537e8a3bcf15e,66166583fc13ae7017ab92a7,Swift,36,2
66166f90e10537e8a3bcf15f,66166582fc13ae7017ab90ec,Python,15,2
66166f90e10537e8a3bcf160,66166582fc13ae7017ab9066,Docker,19,1
66166f90e10537e8a3bcf161,66166583fc13ae7017ab91be,CSS,24,3
66166f90e10537e8a3bcf162,66166583fc13ae7017ab923f,MongoDB,6,2
66166f90e10537e8a3bcf163,66166581fc13ae7017ab8fc7,Kubernetes,17,2
66166f90e10537e8a3bcf164,66166583fc13ae7017ab919b,Swift,28,5
66166f90e10537e8a3bcf165,66166583fc13ae7017ab921b,React,20,3
66166f90e10537e8a3bcf166,66166581fc13ae7017ab8f94,Swift,13,2
66166f90e10537e8a3bcf167,66166582fc13ae7017ab9066,Git,36,4
66166f90e10537e8b1b75fc3,66166583fc13ae7017ab91b0,SQL,29,2
66166f90e10537e8b1b75fc4,66166583fc13ae7017ab91ac,Swift,29,1
66166f90e10537e8b1b75fc5,66166583fc13ae7017ab91f4,HTML,22,2
66166f90e10537e8b1b75fc6,66166581fc13ae7017ab8f4d,Python,40,2
66166f90e10537e8b1b75fc7,66166581fc13ae7017ab8f96,HTML,18,2
66166f90e10537e8b1b75fc8,66166581fc13ae7017ab8f90,CSS,39,5
66166f90e10537e8b1b75fc9,66166581fc13ae7017ab8fba,React,24,5
66166f90e10537e8b1b75fca,66166582fc13ae7017ab90d0,Angular,37,5
66166f90e10537e8b1b75fcb,66166581fc13ae7017ab8f69,C++,9,3
66166f90e10537e8b1b75fcc,66166581fc13ae7017ab8f27,Docker,1,4
66166f90e10537e8b1b75fcd,66166582fc13ae7017ab9070,Ruby,19,4
66166f90e10537e8b1b75fce,66166582fc13ae7017ab9094,Firebase,16,5
66166f90e10537e8b1b75fcf,66166582fc13ae7017ab9133,Ruby,10,3
66166f90e10537e8b1b75fd0,66166583fc13ae7017ab92dd,Kubernetes,42,2
66166f90e10537e8b1b75fd1,66166581fc13ae7017ab8fda,React,41,4
66166f90e10537e8b1b75fd2,66166583fc13ae7017ab923f,Ruby,6,3
66166f90e10537e8b1b75fd3,66166581fc13ae7017ab8fe5,Agile,43,4
66166f90e10537e8b1b75fd4,66166582fc13ae7017ab90f4,JavaScript,44,1
66166f90e10537e8b1b75fd5,66166581fc13ae7017ab8f44,Swift,30,3
66166f90e10537e8b1b75fd6,66166581fc13ae7017ab8f80,Firebase,45,1
66166f90e10537e8b1b75fd7,66166581fc13ae7017ab8f60,MongoDB,39,2
66166f90e10537e8b1b75fd8,66166581fc13ae7017ab8f27,React,26,2
66166f90e10537e8b1b75fd9,66166582fc13ae7017ab902f,Swift,27,1
66166f90e10537e8b1b75fda,66166582fc13ae7017ab917a,SQL,29,5
66166f90e10537e8b1b75fdb,66166583fc13ae7017ab92d6,MongoDB,35,3
66166f90e10537e8b1b75fdc,66166582fc13ae7017ab913b,Firebase,20,5
66166f90e10537e8b1b75fdd,66166583fc13ae7017ab924e,HTML,8,1
66166f90e10537e8b1b75fde,66166583fc13ae7017ab919a,JavaScript,3,4
66166f90e10537e8b1b75fdf,66166582fc13ae7017ab9076,React,4,1
66166f90e10537e8b1b75fe0,66166583fc13ae7017ab91cf,Firebase,17,2
66166f90e10537e8b1b75fe1,66166582fc13ae7017ab9123,Firebase,11,3
66166f90e10537e6c405f811,66166583fc13ae7017ab91d4,Docker,4,1
66166f90e10537e6c405f812,66166582fc13ae7017ab905c,C++,6,1
66166f90e10537e6c405f813,66166582fc13ae7017ab9082,Java,11,3
66166f90e10537e6c405f814,66166582fc13ae7017ab9073,React,10,4
66166f90e10537e6c405f815,66166582fc13ae7017ab9096,Java,44,5
66166f90e10537e6c405f816,66166582fc13ae7017ab902c,Objective-C,14,5
66166f90e10537e6c405f817,66166581fc13ae7017ab9003,Kubernetes,31,2
66166f90e10537e6c405f818,66166582fc13ae7017ab90e9,MongoDB,21,2
66166f90e10537e6c405f819,66166583fc13ae7017ab91a8,Ruby,11,2
66166f90e10537e6c405f81a,66166582fc13ae7017ab9063,Java,35,3
66166f90e10537e6c405f81b,66166581fc13ae7017ab8f8c,MongoDB,9,5
66166f90e10537e6c405f81c,66166582fc13ae7017ab9058,Node.js,15,2
66166f90e10537e6c405f81d,66166581fc13ae7017ab8f98,JavaScript,17,3
66166f90e10537e6c405f81e,66166582fc13ae7017ab9078,MongoDB,16,5
66166f90e10537e6c405f81f,66166583fc13ae7017ab92e9,Swift,4,4
66166f90e10537e6c405f820,66166582fc13ae7017ab9127,PHP,37,2
66166f90e10537e6c405f821,66166583fc13ae7017ab91bd,Firebase,18,1
66166f90e10537e6c405f822,66166582fc13ae7017ab9077,MongoDB,5,5
66166f90e10537e6c405f823,66166583fc13ae7017ab91a6,Git,43,5
66166f90e10537e6c405f824,66166582fc13ae7017ab918a,Agile,22,2
66166f90e10537e6c405f825,66166582fc13ae7017ab90af,SQL,14,5
66166f90e10537e6c405f826,66166583fc13ae7017ab9285,JavaScript,39,1
66166f90e10537e6c405f827,66166581fc13ae7017ab8f93,Ruby,33,2
66166f90e10537e6c405f828,66166583fc13ae7017ab9216,Firebase,5,4
66166f90e10537e6c405f829,66166582fc13ae7017ab90db,Node.js,17,3
66166f90e10537e6c405f82a,66166583fc13ae7017ab9267,Swift,38,2
66166f90e10537e6c405f82b,66166581fc13ae7017ab8f29,Python,41,5
66166f90e10537e6c405f82c,66166582fc13ae7017ab9166,Angular,7,3
66166f90e10537e6c405f82d,66166582fc13ae7017ab908b,Git,10,2
66166f90e10537e6c405f82e,66166583fc13ae7017ab91be,Firebase,32,1
66166f90e10537e6c405f82f,66166581fc13ae7017ab8f0f,MongoDB,24,5
66166f90e10537e7703661e1,66166582fc13ae7017ab9168,Swift,43,3
66166f90e10537e7703661e2,66166581fc13ae7017ab9013,C++,41,1
66166f90e10537e7703661e3,66166583fc13ae7017ab92c2,C++,16,5
66166f90e10537e7703661e4,66166583fc13ae7017ab92dc,Java,13,2
66166f90e10537e7703661e5,66166582fc13ae7017ab9194,Agile,16,4
66166f90e10537e7703661e6,66166583fc13ae7017ab91c6,C++,28,4
66166f90e10537e7703661e7,66166583fc13ae7017ab925c,Docker,14,1
66166f90e10537e7703661e8,66166583fc13ae7017ab9218,SQL,27,3
66166f90e10537e7703661e9,66166581fc13ae7017ab9013,Python,19,4
66166f90e10537e7703661ea,66166581fc13ae7017ab8f94,Docker,19,1
66166f90e10537e7703661eb,66166583fc13ae7017ab920e,Node.js,6,3
66166f90e10537e7703661ec,66166582fc13ae7017ab9099,Objective-C,17,4
66166f90e10537e7703661ed,66166583fc13ae7017ab92ad,HTML,15,4
66166f90e10537e7703661ee,66166581fc13ae7017ab8fb0,PHP,29,4
66166f90e10537e7703661ef,66166581fc13ae7017ab8fbc,Swift,27,1
66166f90e10537e7703661f0,66166583fc13ae7017ab92d5,Docker,22,4
66166f90e10537e7703661f1,66166581fc13ae7017ab8f0d,HTML,23,5
66166f90e10537e7703661f2,66166583fc13ae7017ab91f1,Firebase,37,1
66166f90e10537e7703661f3,66166582fc13ae7017ab905a,Firebase,21,2
66166f90e10537e7703661f4,66166583fc13ae7017ab92d5,PHP,35,2
66166f90e10537e7703661f5,66166583fc13ae7017ab92d6,C++,39,1
66166f90e10537e7703661f6,66166581fc13ae7017ab8ffe,Docker,40,3
66166f90e10537e7703661f7,66166582fc13ae7017ab914e,Git,8,5
66166f90e10537e7703661f8,66166583fc13ae7017ab924b,Objective-C,3,1
66166f90e10537e7703661f9,66166583fc13ae7017ab91ce,CSS,31,3
66166f90e10537e7703661fa,66166583fc13ae7017ab92b4,Git,20,3
66166f90e10537e7703661fb,66166583fc13ae7017ab922f,PHP,34,1
66166f90e10537e7703661fc,66166582fc13ae7017ab9086,CSS,21,2
66166f90e10537e7703661fd,66166583fc13ae7017ab92ce,SQL,25,1
66166f90e10537e7703661fe,66166581fc13ae7017ab8f5e,Git,36,1
66166f90e10537e7703661ff,66166582fc13ae7017ab90da,C++,44,2
66166f90e10537e7c2855b6a,66166583fc13ae7017ab92dd,SQL,29,4
66166f90e10537e7c2855b6b,66166582fc13ae7017ab90d6,React,15,3
66166f90e10537e7c2855b6c,66166581fc13ae7017ab900a,Git,27,5
66166f90e10537e7c2855b6d,66166582fc13ae7017ab911b,Git,8,1
66166f90e10537e7c2855b6e,66166582fc13ae7017ab90a3,Kubernetes,18,3
66166f90e10537e7c2855b6f,66166583fc13ae7017ab91af,JavaScript,17,3
66166f90e10537e7c2855b70,66166582fc13ae7017ab9075,Node.js,27,2
66166f90e10537e7c2855b71,66166582fc13ae7017ab9141,Git,5,2
66166f90e10537e7c2855b72,66166582fc13ae7017ab9105,PHP,24,2
66166f90e10537e7c2855b73,66166582fc13ae7017ab916f,Objective-C,31,3
66166f90e10537e7c2855b74,66166583fc13ae7017ab92ed,PHP,18,2
66166f90e10537e7c2855b75,66166583fc13ae7017ab9251,MongoDB,38,4
66166f90e10537e7c2855b76,66166582fc13ae7017ab913c,C++,27,5
66166f90e10537e7c2855b77,66166582fc13ae7017ab90b2,Java,45,4
66166f90e10537e7c2855b78,66166583fc13ae7017ab9269,Agile,29,1
66166f90e10537e7c2855b79,66166583fc13ae7017ab91e1,Docker,13,1
66166f90e10537e7c2855b7a,66166582fc13ae7017ab90b1,Git,15,5
66166f90e10537e7c2855b7b,66166582fc13ae7017ab9097,Swift,15,2
66166f90e10537e7c2855b7c,66166581fc13ae7017ab8fc4,Python,9,3
66166f90e10537e7c2855b7d,66166582fc13ae7017ab90f7,Firebase,40,3
66166f90e10537e7c2855b7e,66166582fc13ae7017ab914b,PHP,16,3
66166f90e10537e7c2855b7f,66166582fc13ae7017ab9192,React,9,2
66166f90e10537e7c2855b80,66166581fc13ae7017ab8f14,JavaScript,45,5
66166f90e10537e7c2855b81,66166582fc13ae7017ab9055,React,11,1
66166f90e10537e7c2855b82,66166581fc13ae7017ab9005,Firebase,35,4
66166f90e10537e7c2855b83,66166582fc13ae7017ab90f7,Docker,14,4
66166f90e10537e7c2855b84,66166583fc13ae7017ab920f,Agile,13,3
66166f90e10537e7c2855b85,66166583fc13ae7017ab9261,HTML,19,5
66166f90e10537e7c2855b86,66166583fc13ae7017ab9265,HTML,27,2
66166f90e10537e7c2855b87,66166583fc13ae7017ab919b,Objective-C,28,1
66166f90e10537e7c2855b88,66166583fc13ae7017ab91c4,SQL,29,1
66166f90e10537e841ea2d95,66166581fc13ae7017ab8f40,Python,27,2
66166f90e10537e841ea2d96,66166582fc13ae7017ab9031,C++,3,2
66166f90e10537e841ea2d97,66166582fc13ae7017ab9129,Docker,21,2
66166f90e10537e841ea2d98,66166582fc13ae7017ab906e,Kubernetes,32,2
66166f90e10537e841ea2d99,66166583fc13ae7017ab9264,Angular,26,4
66166f90e10537e841ea2d9a,66166583fc13ae7017ab921e,CSS,9,1
66166f90e10537e841ea2d9b,66166582fc13ae7017ab9033,Objective-C,37,1
66166f90e10537e841ea2d9c,66166582fc13ae7017ab908e,MongoDB,28,4
66166f90e10537e841ea2d9d,66166583fc13ae7017ab91d5,PHP,43,1
66166f90e10537e841ea2d9e,66166581fc13ae7017ab8f24,Docker,44,4
66166f90e10537e841ea2d9f,66166583fc13ae7017ab91fb,Ruby,32,2
66166f90e10537e841ea2da0,66166583fc13ae7017ab9284,Swift,31,3
66166f90e10537e841ea2da1,66166583fc13ae7017ab925e,CSS,11,1
66166f90e10537e841ea2da2,66166583fc13ae7017ab9272,Swift,25,3
66166f90e10537e841ea2da3,66166583fc13ae7017ab91bd,React,35,1
66166f90e10537e841ea2da4,66166582fc13ae7017ab9153,MongoDB,39,5
66166f90e10537e841ea2da5,66166582fc13ae7017ab9104,Ruby,11,1
66166f90e10537e841ea2da6,66166583fc13ae7017ab91d9,Git,42,4
66166f90e10537e841ea2da7,66166582fc13ae7017ab90e6,Node.js,43,4
66166f90e10537e841ea2da8,66166581fc13ae7017ab8fcc,Angular,12,2
66166f90e10537e841ea2da9,66166581fc13ae7017ab8f15,Objective-C,41,1
66166f90e10537e841ea2daa,66166582fc13ae7017ab9110,Angular,36,1
66166f90e10537e841ea2dab,66166583fc13ae7017ab9220,MongoDB,17,2
66166f90e10537e841ea2dac,66166581fc13ae7017ab8f26,Objective-C,26,3
66166f90e10537e841ea2dad,66166581fc13ae7017ab8f43,Firebase,17,5
66166f90e10537e841ea2dae,66166582fc13ae7017ab9145,Firebase,36,3
66166f90e10537e841ea2daf,66166582fc13ae7017ab90ac,Agile,10,4
66166f90e10537e841ea2db0,66166581fc13ae7017ab8ffd,Ruby,15,3
66166f90e10537e841ea2db1,66166583fc13ae7017ab9280,Angular,14,5
66166f90e10537e841ea2db2,66166583fc13ae7017ab92b6,Git,41,3
66166f90e10537e841ea2db3,66166583fc13ae7017ab9232,Java,20,5
66166f90e10537e7a67f3e7c,66166583fc13ae7017ab91a5,Swift,8,1
66166f90e10537e7a67f3e7d,66166583fc13ae7017ab922e,HTML,2,4
66166f90e10537e7a67f3e7e,66166583fc13ae7017ab92cb,Swift,9,5
66166f90e10537e7a67f3e7f,66166582fc13ae7017ab9141,HTML,26,4
66166f90e10537e7a67f3e80,66166583fc13ae7017ab928d,Node.js,40,5
66166f90e10537e7a67f3e81,66166583fc13ae7017ab9260,PHP,36,5
66166f90e10537e7a67f3e82,66166581fc13ae7017ab8fd8,Agile,21,2
66166f90e10537e7a67f3e83,66166581fc13ae7017ab8fac,Angular,45,2
66166f90e10537e7a67f3e84,66166582fc13ae7017ab9058,PHP,15,4
66166f90e10537e7a67f3e85,66166582fc13ae7017ab9117,Node.js,16,1
66166f90e10537e7a67f3e86,66166581fc13ae7017ab8f2d,Git,41,3
66166f90e10537e7a67f3e87,66166581fc13ae7017ab9004,MongoDB,19,5
66166f90e10537e7a67f3e88,66166581fc13ae7017ab8fac,Swift,41,5
66166f90e10537e7a67f3e89,66166582fc13ae7017ab9177,HTML,28,4
66166f90e10537e7a67f3e8a,66166582fc13ae7017ab9192,JavaScript,6,5
66166f90e10537e7a67f3e8b,66166582fc13ae7017ab918a,Objective-C,14,4
66166f90e10537e7a67f3e8c,66166581fc13ae7017ab8fbf,Ruby,45,3
66166f90e10537e7a67f3e8d,66166583fc13ae7017ab91ef,Agile,42,2
66166f90e10537e7a67f3e8e,66166582fc13ae7017ab9118,MongoDB,5,1
66166f90e10537e7a67f3e8f,66166583fc13ae7017ab9212,PHP,7,5
66166f90e10537e7a67f3e90,66166582fc13ae7017ab90a2,PHP,4,4
66166f90e10537e7a67f3e91,66166582fc13ae7017ab902d,CSS,28,4
66166f90e10537e7a67f3e92,66166581fc13ae7017ab901d,C++,14,5
66166f90e10537e7a67f3e93,66166583fc13ae7017ab9282,PHP,40,2
66166f90e10537e7a67f3e94,66166583fc13ae7017ab919a,Firebase,7,2
66166f90e10537e7a67f3e95,66166583fc13ae7017ab91f2,Agile,18,5
66166f90e10537e7a67f3e96,66166582fc13ae7017ab910e,JavaScript,4,2
66166f90e10537e7a67f3e97,66166583fc13ae7017ab92e3,Ruby,43,4
66166f90e10537e7a67f3e98,66166583fc13ae7017ab919a,Docker,16,4
66166f90e10537e7a67f3e99,66166582fc13ae7017ab916a,Ruby,21,1
66166f90e10537e7a67f3e9a,66166583fc13ae7017ab91c7,Python,15,1
66166f90e10537e82b6ef74d,66166583fc13ae7017ab9245,PHP,30,2
66166f90e10537e82b6ef74e,66166581fc13ae7017ab8fd5,Swift,21,5
66166f90e10537e82b6ef74f,66166583fc13ae7017ab9289,Swift,40,2
66166f90e10537e82b6ef750,66166582fc13ae7017ab9116,Kubernetes,10,4
66166f90e10537e82b6ef751,66166583fc13ae7017ab9236,HTML,42,1
66166f90e10537e82b6ef752,66166583fc13ae7017ab920e,Angular,17,4
66166f90e10537e82b6ef753,66166582fc13ae7017ab9172,Kubernetes,17,1
66166f90e10537e82b6ef754,66166583fc13ae7017ab9219,Node.js,4,3
66166f90e10537e82b6ef755,66166582fc13ae7017ab903e,React,13,2
66166f90e10537e82b6ef756,66166582fc13ae7017ab9183,CSS,21,2
66166f90e10537e82b6ef757,66166583fc13ae7017ab91a7,Angular,33,4
66166f90e10537e82b6ef758,66166581fc13ae7017ab900e,SQL,20,4
66166f90e10537e82b6ef759,66166583fc13ae7017ab9245,CSS,14,5
66166f90e10537e82b6ef75a,66166583fc13ae7017ab9231,Swift,11,5
66166f90e10537e82b6ef75b,66166582fc13ae7017ab90e4,Agile,20,5
66166f90e10537e82b6ef75c,66166582fc13ae7017ab905e,Swift,27,2
66166f90e10537e82b6ef75d,66166581fc13ae7017ab8f5f,HTML,27,5
66166f90e10537e82b6ef75e,66166583fc13ae7017ab91c2,Agile,1,1
66166f90e10537e82b6ef75f,66166582fc13ae7017ab9131,HTML,30,1
66166f90e10537e82b6ef760,66166582fc13ae7017ab907e,HTML,9,4
66166f90e10537e82b6ef761,66166583fc13ae7017ab9271,CSS,42,1
66166f90e10537e82b6ef762,66166582fc13ae7017ab902e,Docker,17,4
66166f90e10537e82b6ef763,66166581fc13ae7017ab8fa1,JavaScript,18,2
66166f90e10537e82b6ef764,66166581fc13ae7017ab8f9e,Node.js,13,5
66166f90e10537e82b6ef765,66166583fc13ae7017ab92c3,Angular,4,5
66166f90e10537e82b6ef766,66166583fc13ae7017ab91f1,SQL,28,3
66166f90e10537e82b6ef767,66166583fc13ae7017ab91f3,Ruby,37,1
66166f90e10537e82b6ef768,66166581fc13ae7017ab8f80,Docker,24,2
66166f90e10537e82b6ef769,66166583fc13ae7017ab9277,CSS,42,2
66166f90e10537e82b6ef76a,66166583fc13ae7017ab9224,Agile,43,1
66166f90e10537e82b6ef76b,66166581fc13ae7017ab8f37,Java,14,1
66166f90e10537e80c7b865f,66166583fc13ae7017ab91ac,Kubernetes,42,5
66166f90e10537e80c7b8660,66166583fc13ae7017ab9208,JavaScript,39,2
66166f90e10537e80c7b8661,66166581fc13ae7017ab8f54,Swift,39,2
66166f90e10537e80c7b8662,66166582fc13ae7017ab9038,Agile,25,5
66166f90e10537e80c7b8663,66166582fc13ae7017ab9185,Ruby,44,2
66166f90e10537e80c7b8664,66166581fc13ae7017ab8f97,MongoDB,29,3
66166f90e10537e80c7b8665,66166583fc13ae7017ab92e8,Firebase,21,2
66166f90e10537e80c7b8666,66166581fc13ae7017ab901b,Agile,24,3
66166f90e10537e80c7b8667,66166583fc13ae7017ab92df,PHP,45,4
66166f90e10537e80c7b8668,66166582fc13ae7017ab90be,Objective-C,13,3
66166f90e10537e80c7b8669,66166582fc13ae7017ab9150,Java,24,5
66166f90e10537e80c7b866a,66166582fc13ae7017ab9125,C++,16,4
66166f90e10537e80c7b866b,66166583fc13ae7017ab926b,Objective-C,1,5
66166f90e10537e80c7b866c,66166583fc13ae7017ab91af,SQL,30,2
66166f90e10537e80c7b866d,66166581fc13ae7017ab8fee,Ruby,20,2
66166f90e10537e80c7b866e,66166583fc13ae7017ab91e0,SQL,6,1
66166f90e10537e80c7b866f,66166583fc13ae7017ab91a4,SQL,37,1
66166f90e10537e80c7b8670,66166582fc13ae7017ab917a,Node.js,10,3
66166f90e10537e80c7b8671,66166583fc13ae7017ab92df,React,7,1
66166f90e10537e80c7b8672,66166581fc13ae7017ab8f34,Kubernetes,32,4
66166f90e10537e80c7b8673,66166583fc13ae7017ab920f,C++,1,5
66166f90e10537e80c7b8674,66166583fc13ae7017ab91e5,HTML,5,1
66166f90e10537e80c7b8675,66166582fc13ae7017ab918e,Node.js,41,3
66166f90e10537e80c7b8676,66166582fc13ae7017ab90ce,Docker,34,2
66166f90e10537e80c7b8677,66166582fc13ae7017ab9175,Node.js,23,1
66166f90e10537e80c7b8678,66166583fc13ae7017ab920b,Node.js,30,5
66166f90e10537e80c7b8679,66166581fc13ae7017ab8f46,Docker,20,1
66166f90e10537e80c7b867a,66166581fc13ae7017ab8f90,Java,18,5
66166f90e10537e80c7b867b,66166583fc13ae7017ab9291,C++,31,1
66166f90e10537e80c7b867c,66166582fc13ae7017ab9108,Ruby,16,1
66166f90e10537e80c7b867d,66166581fc13ae7017ab8fb6,React,25,2
66166f90e10537e7b003c70e,66166583fc13ae7017ab92b5,Kubernetes,12,4
66166f90e10537e7b003c70f,66166581fc13ae7017ab8f14,Kubernetes,27,2
66166f90e10537e7b003c710,66166581fc13ae7017ab8f88,React,23,3
66166f90e10537e7b003c711,66166582fc13ae7017ab9132,MongoDB,34,5
66166f90e10537e7b003c712,66166582fc13ae7017ab9027,Node.js,44,5
66166f90e10537e7b003c713,66166581fc13ae7017ab8fea,Ruby,13,4
66166f90e10537e7b003c714,66166582fc13ae7017ab9070,C++,6,2
66166f90e10537e7b003c715,66166583fc13ae7017ab91e1,Firebase,42,4
66166f90e10537e7b003c716,66166582fc13ae7017ab9163,MongoDB,40,2
66166f90e10537e7b003c717,66166582fc13ae7017ab9124,HTML,30,2
66166f90e10537e7b003c718,66166581fc13ae7017ab8f68,PHP,31,4
66166f90e10537e7b003c719,66166582fc13ae7017ab90f6,PHP,16,1
66166f90e10537e7b003c71a,66166581fc13ae7017ab8ff4,React,21,2
66166f90e10537e7b003c71b,66166581fc13ae7017ab8f31,Node.js,13,1
66166f90e10537e7b003c71c,66166583fc13ae7017ab91eb,Git,19,5
66166f90e10537e7b003c71d,66166583fc13ae7017ab9230,Firebase,24,1
66166f90e10537e7b003c71e,66166581fc13ae7017ab8ff7,JavaScript,18,2
66166f90e10537e7b003c71f,66166582fc13ae7017ab915d,C++,39,3
66166f90e10537e7b003c720,66166582fc13ae7017ab90ad,Kubernetes,30,5
66166f90e10537e7b003c721,66166582fc13ae7017ab90d0,JavaScript,13,1
66166f90e10537e7b003c722,66166582fc13ae7017ab912a,SQL,11,4
66166f90e10537e7b003c723,66166583fc13ae7017ab91d7,CSS,43,3
66166f90e10537e7b003c724,66166583fc13ae7017ab925d,SQL,21,2
66166f90e10537e7b003c725,66166583fc13ae7017ab9240,MongoDB,40,4
66166f90e10537e7b003c726,66166582fc13ae7017ab9127,Java,20,1
66166f90e10537e7b003c727,66166583fc13ae7017ab92c4,C++,21,2
66166f90e10537e7b003c728,66166582fc13ae7017ab9053,Node.js,33,1
66166f90e10537e7b003c729,66166583fc13ae7017ab925d,React,20,1
66166f90e10537e7b003c72a,66166582fc13ae7017ab9164,C++,39,4
66166f90e10537e7b003c72b,66166581fc13ae7017ab8f09,Firebase,8,4
66166f90e10537e7b003c72c,66166583fc13ae7017ab919d,C++,37,4
66166f90e10537e875099bea,66166583fc13ae7017ab9244,Angular,3,1
66166f90e10537e875099beb,66166583fc13ae7017ab92ce,React,4,5
66166f90e10537e875099bec,66166581fc13ae7017ab8ffb,Node.js,31,3
66166f90e10537e875099bed,66166583fc13ae7017ab926d,Objective-C,3,2
66166f90e10537e875099bee,66166582fc13ae7017ab917a,CSS,18,4
66166f90e10537e875099bef,66166582fc13ae7017ab9118,Agile,45,1
66166f90e10537e875099bf0,66166581fc13ae7017ab8f73,Node.js,10,2
66166f90e10537e875099bf1,66166581fc13ae7017ab8f27,CSS,9,1
66166f90e10537e875099bf2,66166581fc13ae7017ab8f1c,Ruby,44,2
66166f90e10537e875099bf3,66166581fc13ae7017ab8ff5,SQL,7,3
66166f90e10537e875099bf4,66166583fc13ae7017ab92a4,C++,13,3
66166f90e10537e875099bf5,66166581fc13ae7017ab8f82,MongoDB,27,4
66166f90e10537e875099bf6,66166582fc13ae7017ab9162,Node.js,14,3
66166f90e10537e875099bf7,66166582fc13ae7017ab907e,Node.js,43,3
66166f90e10537e875099bf8,66166581fc13ae7017ab8f21,HTML,6,2
66166f90e10537e875099bf9,66166582fc13ae7017ab914c,JavaScript,44,4
66166f90e10537e875099bfa,66166582fc13ae7017ab914d,Node.js,11,1
66166f90e10537e875099bfb,66166582fc13ae7017ab90b2,Python,33,5
66166f90e10537e875099bfc,66166583fc13ae7017ab928b,SQL,3,4
66166f90e10537e875099bfd,66166583fc13ae7017ab91d3,Node.js,7,3
66166f90e10537e875099bfe,66166582fc13ae7017ab913a,Objective-C,41,1
66166f90e10537e875099bff,66166581fc13ae7017ab8f48,React,5,1
66166f90e10537e875099c00,66166583fc13ae7017ab91fe,Git,2,2
66166f90e10537e875099c01,66166583fc13ae7017ab9242,SQL,23,1
66166f90e10537e875099c02,66166583fc13ae7017ab924b,Docker,13,2
66166f90e10537e875099c03,66166582fc13ae7017ab910e,Git,29,2
66166f90e10537e875099c04,66166582fc13ae7017ab90a9,Firebase,40,4
66166f90e10537e875099c05,66166582fc13ae7017ab9167,Git,16,4
66166f90e10537e875099c06,66166582fc13ae7017ab9060,C++,1,3
66166f90e10537e875099c07,66166583fc13ae7017ab91b6,Kubernetes,41,2
66166f90e10537e875099c08,66166583fc13ae7017ab9292,MongoDB,41,4
66166f90e10537e752949f85,66166583fc13ae7017ab91e7,SQL,7,3
66166f90e10537e752949f86,66166582fc13ae7017ab9076,PHP,11,3
66166f90e10537e752949f87,66166583fc13ae7017ab929f,Python,34,3
66166f90e10537e752949f88,66166582fc13ae7017ab904c,MongoDB,42,2
66166f90e10537e752949f89,66166582fc13ae7017ab9082,Agile,42,2
66166f90e10537e752949f8a,66166583fc13ae7017ab92d1,SQL,42,5
66166f90e10537e752949f8b,66166582fc13ae7017ab902c,PHP,30,2
66166f90e10537e752949f8c,66166582fc13ae7017ab906b,C++,3,1
66166f90e10537e752949f8d,66166581fc13ae7017ab8f92,Java,28,2
66166f90e10537e752949f8e,66166583fc13ae7017ab92ed,Firebase,26,5
66166f90e10537e752949f8f,66166582fc13ae7017ab9036,SQL,41,3
66166f90e10537e752949f90,66166582fc13ae7017ab9027,MongoDB,23,1
66166f90e10537e752949f91,66166583fc13ae7017ab9295,Kubernetes,19,1
66166f90e10537e752949f92,66166582fc13ae7017ab9140,Kubernetes,12,1
66166f90e10537e752949f93,66166582fc13ae7017ab9164,CSS,42,3
66166f90e10537e752949f94,66166581fc13ae7017ab8f81,JavaScript,24,3
66166f90e10537e752949f95,66166583fc13ae7017ab925a,Python,1,1
66166f90e10537e752949f96,66166583fc13ae7017ab91bc,Agile,7,5
66166f90e10537e752949f97,66166582fc13ae7017ab90a6,C++,5,4
66166f90e10537e752949f98,66166581fc13ae7017ab8f31,Node.js,1,2
66166f90e10537e752949f99,66166583fc13ae7017ab920c,Objective-C,16,3
66166f90e10537e752949f9a,66166582fc13ae7017ab9131,Node.js,28,1
66166f90e10537e752949f9b,66166581fc13ae7017ab8f63,Python,40,4
66166f90e10537e752949f9c,66166581fc13ae7017ab8f4d,Node.js,24,5
66166f90e10537e752949f9d,66166583fc13ae7017ab9272,Docker,1,2
66166f90e10537e752949f9e,66166582fc13ae7017ab914b,HTML,24,3
66166f90e10537e752949f9f,66166583fc13ae7017ab92ad,Kubernetes,45,4
66166f90e10537e752949fa0,66166581fc13ae7017ab8fb6,SQL,13,5
66166f90e10537e752949fa1,66166582fc13ae7017ab906b,MongoDB,36,5
66166f90e10537e752949fa2,66166582fc13ae7017ab90cc,Firebase,12,1
66166f90e10537e752949fa3,66166582fc13ae7017ab9038,Objective-C,38,5
66166f90e10537e6d7ef11f6,66166583fc13ae7017ab91fc,Firebase,9,3
66166f90e10537e6d7ef11f7,66166581fc13ae7017ab8f96,PHP,19,4
66166f90e10537e6d7ef11f8,66166581fc13ae7017ab9021,JavaScript,29,1
66166f90e10537e6d7ef11f9,66166583fc13ae7017ab91be,Python,17,2
66166f90e10537e6d7ef11fa,66166582fc13ae7017ab914d,Angular,9,3
66166f90e10537e6d7ef11fb,66166581fc13ae7017ab8f42,HTML,15,2
66166f90e10537e6d7ef11fc,66166581fc13ae7017ab9019,Ruby,20,4
66166f90e10537e6d7ef11fd,66166583fc13ae7017ab91b7,SQL,41,1
66166f90e10537e6d7ef11fe,66166582fc13ae7017ab9080,Objective-C,30,5
66166f90e10537e6d7ef11ff,66166582fc13ae7017ab90a9,Kubernetes,25,3
66166f90e10537e6d7ef1200,66166582fc13ae7017ab909e,Objective-C,5,3
66166f90e10537e6d7ef1201,66166582fc13ae7017ab907f,Python,15,4
66166f90e10537e6d7ef1202,66166582fc13ae7017ab9090,Java,25,3
66166f90e10537e6d7ef1203,66166581fc13ae7017ab8f7b,Angular,40,3
66166f90e10537e6d7ef1204,66166582fc13ae7017ab911b,JavaScript,2,3
66166f90e10537e6d7ef1205,66166581fc13ae7017ab8ff4,Kubernetes,35,5
66166f90e10537e6d7ef1206,66166582fc13ae7017ab9133,Python,16,2
66166f90e10537e6d7ef1207,66166583fc13ae7017ab9282,Firebase,2,4
66166f90e10537e6d7ef1208,66166583fc13ae7017ab91d9,PHP,42,2
66166f90e10537e6d7ef1209,66166581fc13ae7017ab8fa2,Kubernetes,43,3
66166f90e10537e6d7ef120a,66166582fc13ae7017ab904c,SQL,16,2
66166f90e10537e6d7ef120b,66166582fc13ae7017ab9172,Ruby,30,5
66166f90e10537e6d7ef120c,66166583fc13ae7017ab926b,Node.js,24,4
66166f90e10537e6d7ef120d,66166581fc13ae7017ab8f1c,Objective-C,17,4
66166f90e10537e6d7ef120e,66166581fc13ae7017ab8f16,Kubernetes,27,1
66166f90e10537e6d7ef120f,66166582fc13ae7017ab90d6,Swift,33,1
66166f90e10537e6d7ef1210,66166583fc13ae7017ab91ea,Angular,4,3
66166f90e10537e6d7ef1211,66166582fc13ae7017ab9057,MongoDB,23,2
66166f90e10537e6d7ef1212,66166582fc13ae7017ab9162,Java,9,3
66166f90e10537e6d7ef1213,66166581fc13ae7017ab8faf,PHP,7,3
66166f90e10537e6d7ef1214,66166582fc13ae7017ab907c,Objective-C,1,4
66166f90e10537e6dda6cbf4,66166583fc13ae7017ab9264,Node.js,38,4
66166f90e10537e6dda6cbf5,66166583fc13ae7017ab92c8,C++,12,4
66166f90e10537e6dda6cbf6,66166583fc13ae7017ab924f,SQL,26,1
66166f90e10537e6dda6cbf7,66166583fc13ae7017ab919c,Swift,45,1
66166f90e10537e6dda6cbf8,66166581fc13ae7017ab8f3f,Java,43,5
66166f90e10537e6dda6cbf9,66166581fc13ae7017ab8f48,PHP,26,5
66166f90e10537e6dda6cbfa,66166582fc13ae7017ab9148,PHP,16,4
66166f90e10537e6dda6cbfb,66166583fc13ae7017ab9246,Angular,37,3
66166f90e10537e6dda6cbfc,66166581fc13ae7017ab8fbe,HTML,3,4
66166f90e10537e6dda6cbfd,66166583fc13ae7017ab92d3,Objective-C,22,1
66166f90e10537e6dda6cbfe,66166582fc13ae7017ab913b,MongoDB,44,2
66166f90e10537e6dda6cbff,66166582fc13ae7017ab9132,Agile,14,2
66166f90e10537e6dda6cc00,66166582fc13ae7017ab905b,Ruby,17,2
66166f90e10537e6dda6cc01,66166583fc13ae7017ab9207,JavaScript,31,3
66166f90e10537e6dda6cc02,66166583fc13ae7017ab91b5,Docker,43,3
66166f90e10537e6dda6cc03,66166582fc13ae7017ab9083,SQL,1,3
66166f90e10537e6dda6cc04,66166582fc13ae7017ab90dc,C++,27,4
66166f90e10537e6dda6cc05,66166582fc13ae7017ab90c0,Objective-C,5,2
66166f90e10537e6dda6cc06,66166582fc13ae7017ab90b2,CSS,18,3
66166f90e10537e6dda6cc07,66166581fc13ae7017ab8f24,SQL,8,5
66166f90e10537e6dda6cc08,66166581fc13ae7017ab8f2c,PHP,40,3
66166f90e10537e6dda6cc09,66166583fc13ae7017ab91f3,Node.js,39,3
66166f90e10537e6dda6cc0a,66166583fc13ae7017ab91e4,MongoDB,23,4
66166f90e10537e6dda6cc0b,66166581fc13ae7017ab9022,Docker,11,2
66166f90e10537e6dda6cc0c,66166583fc13ae7017ab92a7,C++,18,3
66166f90e10537e6dda6cc0d,66166583fc13ae7017ab9241,Firebase,4,4
66166f90e10537e6dda6cc0e,66166583fc13ae7017ab922b,PHP,15,4
66166f90e10537e6dda6cc0f,66166582fc13ae7017ab90d3,Git,38,4
66166f90e10537e6dda6cc10,66166582fc13ae7017ab90fa,Python,15,3
66166f90e10537e6dda6cc11,66166582fc13ae7017ab9076,SQL,26,4
66166f90e10537e6dda6cc12,66166582fc13ae7017ab90db,SQL,11,2
66166f90e10537e7714b2013,66166583fc13ae7017ab91e8,Docker,4,1
66166f90e10537e7714b2014,66166582fc13ae7017ab9192,Kubernetes,31,3
66166f90e10537e7714b2015,66166583fc13ae7017ab929d,PHP,37,4
66166f90e10537e7714b2016,66166583fc13ae7017ab9243,Git,8,1
66166f90e10537e7714b2017,66166582fc13ae7017ab90da,Ruby,32,1
66166f90e10537e7714b2018,66166582fc13ae7017ab90cb,Node.js,21,1
66166f90e10537e7714b2019,66166583fc13ae7017ab925f,Ruby,6,4
66166f90e10537e7714b201a,66166583fc13ae7017ab923b,CSS,42,1
66166f90e10537e7714b201b,66166583fc13ae7017ab921f,Swift,3,3
66166f90e10537e7714b201c,66166583fc13ae7017ab92a9,Docker,39,3
66166f90e10537e7714b201d,66166581fc13ae7017ab8f3b,PHP,22,2
66166f90e10537e7714b201e,66166583fc13ae7017ab91b1,Agile,17,1
66166f90e10537e7714b201f,66166581fc13ae7017ab8feb,Docker,2,4
66166f90e10537e7714b2020,66166583fc13ae7017ab92b5,Java,42,2
66166f90e10537e7714b2021,66166581fc13ae7017ab8f9c,Node.js,22,5
66166f90e10537e7714b2022,66166582fc13ae7017ab9131,Python,17,5
66166f90e10537e7714b2023,66166582fc13ae7017ab912a,Swift,37,1
66166f90e10537e7714b2024,66166582fc13ae7017ab90f9,Agile,21,1
66166f90e10537e7714b2025,66166583fc13ae7017ab91cc,Firebase,20,4
66166f90e10537e7714b2026,66166581fc13ae7017ab8f48,Python,11,2
66166f90e10537e7714b2027,66166581fc13ae7017ab8ff8,Python,21,2
66166f90e10537e7714b2028,66166582fc13ae7017ab9140,Java,1,2
66166f90e10537e7714b2029,66166583fc13ae7017ab9224,Git,37,3
66166f90e10537e7714b202a,66166582fc13ae7017ab90a3,Python,43,2
66166f90e10537e7714b202b,66166581fc13ae7017ab9011,SQL,22,4
66166f90e10537e7714b202c,66166581fc13ae7017ab8f52,Objective-C,40,3
66166f90e10537e7714b202d,66166582fc13ae7017ab9125,Node.js,19,1
66166f90e10537e7714b202e,66166583fc13ae7017ab91ad,Objective-C,32,3
66166f90e10537e7714b202f,66166582fc13ae7017ab90c5,C++,14,5
66166f90e10537e7714b2030,66166583fc13ae7017ab9262,MongoDB,6,2
66166f90e10537e7714b2031,66166581fc13ae7017ab900f,CSS,32,2
66166f90e10537e72c310147,66166581fc13ae7017ab8f3e,Kubernetes,8,1
66166f90e10537e72c310148,66166582fc13ae7017ab90a6,Angular,34,5
66166f90e10537e72c310149,66166582fc13ae7017ab9157,Python,26,1
66166f90e10537e72c31014a,66166583fc13ae7017ab923d,CSS,22,2
66166f90e10537e72c31014b,66166581fc13ae7017ab8f84,Node.js,45,4
66166f90e10537e72c31014c,66166583fc13ae7017ab91d8,Angular,8,3
66166f90e10537e72c31014d,66166582fc13ae7017ab906f,Angular,19,5
66166f90e10537e72c31014e,66166582fc13ae7017ab9134,PHP,25,1
66166f90e10537e72c31014f,66166582fc13ae7017ab90ae,SQL,26,2
66166f90e10537e72c310150,66166581fc13ae7017ab8f10,Swift,28,1
66166f90e10537e72c310151,66166582fc13ae7017ab9065,Git,23,2
66166f90e10537e72c310152,66166582fc13ae7017ab9058,HTML,20,1
66166f90e10537e72c310153,66166581fc13ae7017ab8fd0,Node.js,29,2
66166f90e10537e72c310154,66166583fc13ae7017ab926c,Objective-C,23,1
66166f90e10537e72c310155,66166582fc13ae7017ab90a8,MongoDB,32,5
66166f90e10537e72c310156,66166582fc13ae7017ab90d8,Docker,38,3
66166f90e10537e72c310157,66166583fc13ae7017ab91bc,Kubernetes,45,4
66166f90e10537e72c310158,66166582fc13ae7017ab9055,Node.js,6,1
66166f90e10537e72c310159,66166582fc13ae7017ab918b,Objective-C,34,1
66166f90e10537e72c31015a,66166583fc13ae7017ab921a,Angular,44,2
66166f90e10537e72c31015b,66166582fc13ae7017ab9158,MongoDB,28,4
66166f90e10537e72c31015c,66166582fc13ae7017ab90c2,Java,33,5
66166f90e10537e72c31015d,66166581fc13ae7017ab8ff7,JavaScript,41,3
66166f90e10537e72c31015e,66166583fc13ae7017ab92c0,React,4,1
66166f90e10537e72c31015f,66166583fc13ae7017ab92a5,Git,22,1
66166f90e10537e72c310160,66166582fc13ae7017ab913f,Git,11,3
66166f90e10537e72c310161,66166583fc13ae7017ab9292,Kubernetes,33,3
66166f90e10537e72c310162,66166583fc13ae7017ab9232,Ruby,28,2
66166f90e10537e72c310163,66166582fc13ae7017ab90c3,C++,21,3
66166f90e10537e72c310164,66166581fc13ae7017ab8f87,SQL,10,2
66166f90e10537e72c310165,66166581fc13ae7017ab8f72,JavaScript,42,3
66166f90e10537e6f9e78629,66166582fc13ae7017ab9168,Ruby,39,3
66166f90e10537e6f9e7862a,66166581fc13ae7017ab8fab,Ruby,16,3
66166f90e10537e6f9e7862b,66166583fc13ae7017ab91ba,Docker,14,1
66166f90e10537e6f9e7862c,66166582fc13ae7017ab9135,Node.js,24,4
66166f90e10537e6f9e7862d,66166583fc13ae7017ab9247,Node.js,32,4
66166f90e10537e6f9e7862e,66166583fc13ae7017ab9260,Swift,42,5
66166f90e10537e6f9e7862f,66166583fc13ae7017ab924d,HTML,7,3
66166f90e10537e6f9e78630,66166583fc13ae7017ab9271,Firebase,21,5
66166f90e10537e6f9e78631,66166582fc13ae7017ab9129,HTML,18,5
66166f90e10537e6f9e78632,66166583fc13ae7017ab9296,Kubernetes,37,2
66166f90e10537e6f9e78633,66166583fc13ae7017ab92f0,React,9,3
66166f90e10537e6f9e78634,66166582fc13ae7017ab90ef,Objective-C,9,3
66166f90e10537e6f9e78635,66166583fc13ae7017ab91d6,Docker,24,2
66166f90e10537e6f9e78636,66166583fc13ae7017ab919a,CSS,35,5
66166f90e10537e6f9e78637,66166581fc13ae7017ab9009,MongoDB,13,5
66166f90e10537e6f9e78638,66166582fc13ae7017ab9148,Git,40,1
66166f90e10537e6f9e78639,66166583fc13ae7017ab9234,SQL,40,5
66166f90e10537e6f9e7863a,66166581fc13ae7017ab8f44,Agile,35,1
66166f90e10537e6f9e7863b,66166583fc13ae7017ab927e,Firebase,24,3
66166f90e10537e6f9e7863c,66166581fc13ae7017ab8f4b,Agile,33,2
66166f90e10537e6f9e7863d,66166583fc13ae7017ab920d,Ruby,38,5
66166f90e10537e6f9e7863e,66166581fc13ae7017ab8f60,Angular,39,2
66166f90e10537e6f9e7863f,66166581fc13ae7017ab8fd6,Java,44,5
66166f90e10537e6f9e78640,66166582fc13ae7017ab905e,Git,42,3
66166f90e10537e6f9e78641,66166582fc13ae7017ab90bc,PHP,7,1
66166f90e10537e6f9e78642,66166582fc13ae7017ab904b,Agile,9,2
66166f90e10537e6f9e78643,66166583fc13ae7017ab91b8,CSS,22,2
66166f90e10537e6f9e78644,66166583fc13ae7017ab926d,C++,9,4
66166f90e10537e6f9e78645,66166581fc13ae7017ab8f62,Angular,45,3
66166f90e10537e6f9e78646,66166581fc13ae7017ab8fbf,PHP,21,4
66166f90e10537e6f9e78647,66166583fc13ae7017ab9221,Git,26,3
66166f90e10537e80985c3c9,66166583fc13ae7017ab91a5,C++,30,2
66166f90e10537e80985c3ca,66166583fc13ae7017ab928a,Node.js,23,1
66166f90e10537e80985c3cb,66166581fc13ae7017ab8f47,HTML,45,3
66166f90e10537e80985c3cc,66166581fc13ae7017ab8fc9,CSS,12,2
66166f90e10537e80985c3cd,66166583fc13ae7017ab92ab,SQL,34,2
66166f90e10537e80985c3ce,66166582fc13ae7017ab913f,Agile,3,3
66166f90e10537e80985c3cf,66166582fc13ae7017ab9063,Ruby,13,4
66166f90e10537e80985c3d0,66166582fc13ae7017ab9070,PHP,20,4
66166f90e10537e80985c3d1,66166583fc13ae7017ab91ff,Node.js,7,2
66166f90e10537e80985c3d2,66166582fc13ae7017ab914b,Ruby,17,2
66166f90e10537e80985c3d3,66166582fc13ae7017ab911a,Node.js,30,3
66166f90e10537e80985c3d4,66166583fc13ae7017ab9254,React,13,5
66166f90e10537e80985c3d5,66166581fc13ae7017ab8f41,Java,29,1
66166f90e10537e80985c3d6,66166581fc13ae7017ab8f64,Firebase,41,1
66166f90e10537e80985c3d7,66166582fc13ae7017ab90e8,Git,28,1
66166f90e10537e80985c3d8,66166583fc13ae7017ab9242,Angular,24,1
66166f90e10537e80985c3d9,66166582fc13ae7017ab914d,Objective-C,33,4
66166f90e10537e80985c3da,66166581fc13ae7017ab8fa3,Kubernetes,25,5
66166f90e10537e80985c3db,66166581fc13ae7017ab8f15,Kubernetes,19,3
66166f90e10537e80985c3dc,66166582fc13ae7017ab90fd,Agile,11,5
66166f90e10537e80985c3dd,66166582fc13ae7017ab907a,Angular,7,4
66166f90e10537e80985c3de,66166583fc13ae7017ab91e9,Swift,6,2
66166f90e10537e80985c3df,66166582fc13ae7017ab905a,C++,24,1
66166f90e10537e80985c3e0,66166581fc13ae7017ab8f88,C++,6,2
66166f90e10537e80985c3e1,66166582fc13ae7017ab90a0,MongoDB,36,2
66166f90e10537e80985c3e2,66166582fc13ae7017ab9152,CSS,23,5
66166f90e10537e80985c3e3,66166582fc13ae7017ab90d4,MongoDB,31,3
66166f90e10537e80985c3e4,66166581fc13ae7017ab8feb,Angular,30,5
66166f90e10537e80985c3e5,66166581fc13ae7017ab9006,HTML,44,3
66166f90e10537e80985c3e6,66166582fc13ae7017ab9044,Angular,40,5
66166f90e10537e80985c3e7,66166582fc13ae7017ab907a,Angular,14,3
66166f90e10537e73df520e0,66166583fc13ae7017ab91d2,HTML,34,3
66166f90e10537e73df520e1,66166582fc13ae7017ab904c,Ruby,2,2
66166f90e10537e73df520e2,66166582fc13ae7017ab9064,Agile,2,2
66166f90e10537e73df520e3,66166582fc13ae7017ab9160,Docker,34,1
66166f90e10537e73df520e4,66166582fc13ae7017ab90cc,Git,41,3
66166f90e10537e73df520e5,66166581fc13ae7017ab8fce,SQL,4,5
66166f90e10537e73df520e6,66166583fc13ae7017ab9274,React,22,5
66166f90e10537e73df520e7,66166582fc13ae7017ab9186,SQL,18,4
66166f90e10537e73df520e8,66166583fc13ae7017ab9270,PHP,6,2
66166f90e10537e73df520e9,66166582fc13ae7017ab90c0,HTML,7,1
66166f90e10537e73df520ea,66166583fc13ae7017ab9204,Docker,41,5
66166f90e10537e73df520eb,66166581fc13ae7017ab8f33,React,39,5
66166f90e10537e73df520ec,66166582fc13ae7017ab9078,Node.js,45,4
66166f90e10537e73df520ed,66166582fc13ae7017ab90ab,Java,3,2
66166f90e10537e73df520ee,66166583fc13ae7017ab91b2,PHP,6,2
66166f90e10537e73df520ef,66166583fc13ae7017ab91a1,SQL,14,5
66166f90e10537e73df520f0,66166582fc13ae7017ab905f,Agile,23,4
66166f90e10537e73df520f1,66166582fc13ae7017ab9164,Angular,21,1
66166f90e10537e73df520f2,66166581fc13ae7017ab8fbc,HTML,35,4
66166f90e10537e73df520f3,66166582fc13ae7017ab9162,Node.js,10,3
66166f90e10537e73df520f4,66166581fc13ae7017ab8f9b,Ruby,24,3
66166f90e10537e73df520f5,66166582fc13ae7017ab912a,Git,30,5
66166f90e10537e73df520f6,66166583fc13ae7017ab919f,Java,6,2
66166f90e10537e73df520f7,66166581fc13ae7017ab8fdb,Objective-C,29,4
66166f90e10537e73df520f8,66166581fc13ae7017ab8f64,React,23,5
66166f90e10537e73df520f9,66166582fc13ae7017ab90cb,SQL,31,2
66166f90e10537e73df520fa,66166583fc13ae7017ab9298,Docker,20,5
66166f90e10537e73df520fb,66166581fc13ae7017ab8f82,Python,40,4
66166f90e10537e73df520fc,66166583fc13ae7017ab9235,MongoDB,45,1
66166f90e10537e73df520fd,66166583fc13ae7017ab919d,Java,18,4
66166f90e10537e73df520fe,66166582fc13ae7017ab90a0,JavaScript,1,2
66166f90e10537e7a3c972b6,66166581fc13ae7017ab8f92,React,21,2
66166f90e10537e7a3c972b7,66166582fc13ae7017ab90f6,Docker,42,1
66166f90e10537e7a3c972b8,66166581fc13ae7017ab8fbe,React,7,5
66166f90e10537e7a3c972b9,66166583fc13ae7017ab92eb,Swift,1,4
66166f90e10537e7a3c972ba,66166581fc13ae7017ab9005,Objective-C,7,5
66166f90e10537e7a3c972bb,66166582fc13ae7017ab9168,Kubernetes,44,5
66166f90e10537e7a3c972bc,66166583fc13ae7017ab92ba,Objective-C,40,1
66166f90e10537e7a3c972bd,66166583fc13ae7017ab92a8,CSS,19,1
66166f90e10537e7a3c972be,66166582fc13ae7017ab9128,Git,40,3
66166f90e10537e7a3c972bf,66166583fc13ae7017ab929f,HTML,32,3
66166f90e10537e7a3c972c0,66166581fc13ae7017ab8fa7,JavaScript,41,4
66166f90e10537e7a3c972c1,66166583fc13ae7017ab9199,Python,12,1
66166f90e10537e7a3c972c2,66166581fc13ae7017ab901e,C++,27,1
66166f90e10537e7a3c972c3,66166583fc13ae7017ab92ad,Angular,37,5
66166f90e10537e7a3c972c4,66166581fc13ae7017ab8ff2,SQL,36,5
66166f90e10537e7a3c972c5,66166581fc13ae7017ab8fff,Git,4,2
66166f90e10537e7a3c972c6,66166582fc13ae7017ab904b,Swift,22,2
66166f90e10537e7a3c972c7,66166581fc13ae7017ab9023,HTML,12,3
66166f90e10537e7a3c972c8,66166582fc13ae7017ab90ae,C++,1,4
66166f90e10537e7a3c972c9,66166583fc13ae7017ab91f5,Python,24,4
66166f90e10537e7a3c972ca,66166583fc13ae7017ab91e7,Git,20,1
66166f90e10537e7a3c972cb,66166582fc13ae7017ab90c3,PHP,5,1
66166f90e10537e7a3c972cc,66166583fc13ae7017ab92e9,JavaScript,24,4
66166f90e10537e7a3c972cd,66166582fc13ae7017ab9088,Swift,24,4
66166f90e10537e7a3c972ce,66166582fc13ae7017ab9078,Swift,35,2
66166f90e10537e7a3c972cf,66166581fc13ae7017ab8f41,Node.js,8,4
66166f90e10537e7a3c972d0,66166581fc13ae7017ab8fad,JavaScript,20,1
66166f90e10537e7a3c972d1,66166582fc13ae7017ab908b,CSS,1,5
66166f90e10537e7a3c972d2,66166582fc13ae7017ab9053,Python,13,1
66166f90e10537e7a3c972d3,66166582fc13ae7017ab910c,Objective-C,13,4
66166f90e10537e7a3c972d4,66166581fc13ae7017ab8f60,React,35,2
66166f90e10537e7e7de06d1,66166582fc13ae7017ab9168,Node.js,41,4
66166f90e10537e7e7de06d2,66166582fc13ae7017ab9195,Agile,18,2
66166f90e10537e7e7de06d3,66166583fc13ae7017ab91c3,CSS,21,3
66166f90e10537e7e7de06d4,66166583fc13ae7017ab92a7,MongoDB,5,3
66166f90e10537e7e7de06d5,66166583fc13ae7017ab91d6,SQL,26,2
66166f90e10537e7e7de06d6,66166583fc13ae7017ab92be,C++,45,4
66166f90e10537e7e7de06d7,66166581fc13ae7017ab8f12,SQL,12,1
66166f90e10537e7e7de06d8,66166582fc13ae7017ab902f,Objective-C,21,4
66166f90e10537e7e7de06d9,66166582fc13ae7017ab90c5,Ruby,37,2
66166f90e10537e7e7de06da,66166581fc13ae7017ab901e,HTML,6,2
66166f90e10537e7e7de06db,66166581fc13ae7017ab8ff1,React,19,1
66166f90e10537e7e7de06dc,66166583fc13ae7017ab92c6,C++,29,1
66166f90e10537e7e7de06dd,66166582fc13ae7017ab9032,Agile,22,4
66166f90e10537e7e7de06de,66166581fc13ae7017ab8f45,MongoDB,11,3
66166f90e10537e7e7de06df,66166583fc13ae7017ab92b3,SQL,36,2
66166f90e10537e7e7de06e0,66166581fc13ae7017ab8f48,Objective-C,20,4
66166f90e10537e7e7de06e1,66166583fc13ae7017ab9237,Node.js,28,1
66166f90e10537e7e7de06e2,66166582fc13ae7017ab90e6,Git,17,4
66166f90e10537e7e7de06e3,66166581fc13ae7017ab9002,Kubernetes,5,2
66166f90e10537e7e7de06e4,66166582fc13ae7017ab9195,Swift,29,3
66166f90e10537e7e7de06e5,66166582fc13ae7017ab9187,Python,3,3
66166f90e10537e7e7de06e6,66166581fc13ae7017ab8f40,C++,14,3
66166f90e10537e7e7de06e7,66166581fc13ae7017ab8f6b,C++,22,4
66166f90e10537e7e7de06e8,66166582fc13ae7017ab912b,JavaScript,21,4
66166f90e10537e7e7de06e9,66166582fc13ae7017ab9058,Agile,20,3
66166f90e10537e7e7de06ea,66166581fc13ae7017ab8f89,Ruby,38,1
66166f90e10537e7e7de06eb,66166583fc13ae7017ab91e8,Git,16,1
66166f90e10537e7e7de06ec,66166582fc13ae7017ab90f4,Kubernetes,2,3
66166f90e10537e7e7de06ed,66166583fc13ae7017ab92e8,React,45,2
66166f90e10537e7e7de06ee,66166582fc13ae7017ab9162,Agile,33,2
66166f90e10537e7e7de06ef,66166583fc13ae7017ab9216,PHP,4,3
66166f90e10537e740772d12,66166582fc13ae7017ab9177,Java,39,1
66166f90e10537e740772d13,66166581fc13ae7017ab9012,HTML,8,5
66166f90e10537e740772d14,66166582fc13ae7017ab9191,React,31,3
66166f90e10537e740772d15,66166583fc13ae7017ab9218,SQL,36,4
66166f90e10537e740772d16,66166583fc13ae7017ab9276,React,44,1
66166f90e10537e740772d17,66166581fc13ae7017ab8feb,CSS,12,4
66166f90e10537e740772d18,66166581fc13ae7017ab8faf,Node.js,34,4
66166f90e10537e740772d19,66166582fc13ae7017ab9081,CSS,13,3
66166f90e10537e740772d1a,66166581fc13ae7017ab901c,Ruby,24,3
66166f90e10537e740772d1b,66166583fc13ae7017ab91b4,Kubernetes,18,4
66166f90e10537e740772d1c,66166583fc13ae7017ab924e,Agile,26,5
66166f90e10537e740772d1d,66166581fc13ae7017ab8f87,Firebase,19,1
66166f90e10537e740772d1e,66166582fc13ae7017ab902c,Docker,38,1
66166f90e10537e740772d1f,66166581fc13ae7017ab8fd9,CSS,38,2
66166f90e10537e740772d20,66166583fc13ae7017ab92b2,Swift,16,2
66166f90e10537e740772d21,66166581fc13ae7017ab8f5e,SQL,4,4
66166f90e10537e740772d22,66166583fc13ae7017ab91f5,Objective-C,4,4
66166f90e10537e740772d23,66166582fc13ae7017ab9070,Objective-C,29,4
66166f90e10537e740772d24,66166583fc13ae7017ab92c5,JavaScript,21,5
66166f90e10537e740772d25,66166583fc13ae7017ab91a7,Java,33,2
66166f90e10537e740772d26,66166582fc13ae7017ab918f,PHP,35,1
66166f90e10537e740772d27,66166582fc13ae7017ab90a8,Git,19,1
66166f90e10537e740772d28,66166582fc13ae7017ab916e,React,41,3
66166f90e10537e740772d29,66166582fc13ae7017ab907c,Python,45,3
66166f90e10537e740772d2a,66166581fc13ae7017ab8fbb,Kubernetes,45,1
66166f90e10537e740772d2b,66166583fc13ae7017ab925f,HTML,35,1
66166f90e10537e740772d2c,66166581fc13ae7017ab8fa1,Kubernetes,26,5
66166f90e10537e740772d2d,66166581fc13ae7017ab8f37,JavaScript,12,1
66166f90e10537e740772d2e,66166583fc13ae7017ab92c2,Java,37,5
66166f90e10537e740772d2f,66166583fc13ae7017ab9225,Agile,21,3
66166f90e10537e740772d30,66166582fc13ae7017ab9030,JavaScript,42,2
66166f90e10537e8d6b75e85,66166582fc13ae7017ab9118,Node.js,24,2
66166f90e10537e8d6b75e86,66166581fc13ae7017ab8f68,Git,36,2
66166f90e10537e8d6b75e87,66166583fc13ae7017ab9203,React,18,5
66166f90e10537e8d6b75e88,66166583fc13ae7017ab91be,Swift,35,5
66166f90e10537e8d6b75e89,66166582fc13ae7017ab90fc,C++,8,1
66166f90e10537e8d6b75e8a,66166582fc13ae7017ab915d,Objective-C,5,4
66166f90e10537e8d6b75e8b,66166582fc13ae7017ab9116,Java,25,3
66166f90e10537e8d6b75e8c,66166583fc13ae7017ab9219,Angular,5,2
66166f90e10537e8d6b75e8d,66166582fc13ae7017ab911e,Firebase,35,3
66166f90e10537e8d6b75e8e,66166583fc13ae7017ab9256,SQL,23,5
66166f90e10537e8d6b75e8f,66166583fc13ae7017ab9276,Node.js,41,4
66166f90e10537e8d6b75e90,66166583fc13ae7017ab927a,HTML,32,5
66166f90e10537e8d6b75e91,66166583fc13ae7017ab9245,Kubernetes,19,3
66166f90e10537e8d6b75e92,66166582fc13ae7017ab9184,Ruby,22,4
66166f90e10537e8d6b75e93,66166582fc13ae7017ab90d7,MongoDB,7,4
66166f90e10537e8d6b75e94,66166581fc13ae7017ab8fee,Objective-C,30,4
66166f90e10537e8d6b75e95,66166582fc13ae7017ab916f,HTML,17,5
66166f90e10537e8d6b75e96,66166582fc13ae7017ab90e5,Angular,10,4
66166f90e10537e8d6b75e97,66166583fc13ae7017ab91ad,C++,45,1
66166f90e10537e8d6b75e98,66166582fc13ae7017ab9030,Kubernetes,44,2
66166f90e10537e8d6b75e99,66166583fc13ae7017ab92cf,HTML,7,5
66166f90e10537e8d6b75e9a,66166581fc13ae7017ab8f9c,Agile,5,5
66166f90e10537e8d6b75e9b,66166581fc13ae7017ab8f70,Ruby,40,4
66166f90e10537e8d6b75e9c,66166581fc13ae7017ab9013,C++,17,3
66166f90e10537e8d6b75e9d,66166581fc13ae7017ab8ffe,Angular,19,3
66166f90e10537e8d6b75e9e,66166582fc13ae7017ab9135,React,9,4
66166f90e10537e8d6b75e9f,66166582fc13ae7017ab9145,Angular,25,4
66166f90e10537e8d6b75ea0,66166581fc13ae7017ab9000,HTML,16,1
66166f90e10537e8d6b75ea1,66166581fc13ae7017ab8f6c,MongoDB,24,4
66166f90e10537e8d6b75ea2,66166582fc13ae7017ab9096,Agile,45,3
66166f90e10537e8d6b75ea3,66166583fc13ae7017ab92e6,Node.js,38,2
66166f90e10537e8d6b75ea4,66166581fc13ae7017ab8fcc,Angular,45,3
66166f90e10537e8d6b75ea5,66166581fc13ae7017ab8f32,Kubernetes,31,1
66166f90e10537e8d6b75ea6,66166582fc13ae7017ab90b5,SQL,2,5
66166f90e10537e8d6b75ea7,66166582fc13ae7017ab909b,PHP,1,5
66166f90e10537e8d6b75ea8,66166581fc13ae7017ab8ffc,Ruby,14,4
66166f90e10537e8d6b75ea9,66166581fc13ae7017ab8f8c,Kubernetes,29,3
66166f90e10537e8d6b75eaa,66166582fc13ae7017ab90c7,Firebase,36,1
66166f90e10537e8d6b75eab,66166581fc13ae7017ab8f11,Python,23,2
