_id,userId,eventId
66167fc7e10537e70a816c8e,66166582fc13ae7017ab9148,66167c20e10537e7c52103c9
66167fc8e10537e70a816c8f,66166582fc13ae7017ab903c,66167c20e10537e73df52120
66167fc8e10537e70a816c90,66166581fc13ae7017ab8f3a,66167c20e10537e8c57ab3e8
66167fc8e10537e70a816c91,66166582fc13ae7017ab916f,66167c20e10537e7a3c972f6
66167fc8e10537e70a816c92,66166583fc13ae7017ab9210,66167c20e10537e83e6ca509
66167fc8e10537e70a816c93,66166582fc13ae7017ab908c,66167c20e10537e8b1b76003
66167fc8e10537e70a816c94,66166581fc13ae7017ab8f5d,66167c20e10537e6f9e78669
66167fc8e10537e70a816c95,66166582fc13ae7017ab906b,66167c20e10537e7b003c74e
66167fc8e10537e70a816c96,66166582fc13ae7017ab90ea,66167c20e10537e82b6ef78d
66167fc8e10537e70a816c97,66166581fc13ae7017ab8f20,66167c20e10537e80c7b869f
66167fc8e10537e70a816c98,66166581fc13ae7017ab8fc7,66167c20e10537e71b41aa82
66167fc8e10537e70a816c99,66166583fc13ae7017ab91c2,66167c20e10537e770366221
66167fc8e10537e70a816c9a,66166582fc13ae7017ab9125,66167c20e10537e6d7ef1236
66167fc8e10537e70a816c9b,66166582fc13ae7017ab9124,66167c20e10537e72c310187
66167fc8e10537e70a816c9c,66166583fc13ae7017ab929a,66167c20e10537e6c405f851
66167fc8e10537e70a816c9d,66166582fc13ae7017ab90f9,66167c20e10537e7a67f3ebc
66167fc8e10537e70a816c9e,66166581fc13ae7017ab8f17,66167c20e10537e875099c2a
66167fc8e10537e70a816c9f,66166583fc13ae7017ab9200,66167c20e10537e7c2855baa
66167fc8e10537e70a816ca0,66166581fc13ae7017ab9009,66167c20e10537e85f4fe4b0
66167fc8e10537e70a816ca1,66166582fc13ae7017ab9146,66167c20e10537e8a3bcf189
66167fc8e10537e70a816ca2,66166581fc13ae7017ab8f43,66167c20e10537e83cb67476
66167fc8e10537e70a816ca3,66166583fc13ae7017ab92db,66167c20e10537e70a816c8d
66167fc8e10537e70a816ca4,66166581fc13ae7017ab8f39,66167c20e10537e80985c409
66167fc8e10537e70a816ca5,66166582fc13ae7017ab90e1,66167c20e10537e7916ba1e0
66167fc8e10537e70a816ca6,66166583fc13ae7017ab92b2,66167c20e10537e8928bbf86
66167fc8e10537e70a816ca7,66166583fc13ae7017ab919a,66167c20e10537e6dda6cc34
66167fc8e10537e70a816ca8,66166582fc13ae7017ab90a9,66167c20e10537e7714b2053
66167fc8e10537e70a816ca9,66166581fc13ae7017ab8fd1,66167c20e10537e752949fc5
66167fc8e10537e70a816caa,66166581fc13ae7017ab8fbd,66167c20e10537e841ea2dd5
66167fc8e10537e70a816cab,66166583fc13ae7017ab9276,66167c20e10537e73df52120
66167fc9e10537e70a816cac,66166583fc13ae7017ab927c,66167c20e10537e82b6ef78d
66167fc8e10537e85f4fe4b1,66166583fc13ae7017ab9229,66167c20e10537e770366221
66167fc8e10537e85f4fe4b2,66166582fc13ae7017ab90c5,66167c20e10537e7a3c972f6
66167fc8e10537e85f4fe4b3,66166581fc13ae7017ab8f48,66167c20e10537e6d7ef1236
66167fc8e10537e85f4fe4b4,66166583fc13ae7017ab91a2,66167c20e10537e8b1b76003
66167fc8e10537e85f4fe4b5,66166582fc13ae7017ab9129,66167c20e10537e85f4fe4b0
66167fc8e10537e85f4fe4b6,66166583fc13ae7017ab92c6,66167c20e10537e8a3bcf189
66167fc8e10537e85f4fe4b7,66166582fc13ae7017ab90f5,66167c20e10537e72c310187
66167fc8e10537e85f4fe4b8,66166583fc13ae7017ab91b3,66167c20e10537e7916ba1e0
66167fc8e10537e85f4fe4b9,66166582fc13ae7017ab9192,66167c20e10537e7b003c74e
66167fc8e10537e85f4fe4ba,66166583fc13ae7017ab921b,66167c20e10537e8c57ab3e8
66167fc8e10537e85f4fe4bb,66166582fc13ae7017ab90e3,66167c20e10537e7c2855baa
66167fc8e10537e85f4fe4bc,66166583fc13ae7017ab92c2,66167c20e10537e80985c409
66167fc8e10537e85f4fe4bd,66166583fc13ae7017ab922d,66167c20e10537e875099c2a
66167fc8e10537e85f4fe4be,66166582fc13ae7017ab9133,66167c20e10537e80c7b869f
66167fc8e10537e85f4fe4bf,66166582fc13ae7017ab902d,66167c20e10537e8928bbf86
66167fc8e10537e85f4fe4c0,66166581fc13ae7017ab8f65,66167c20e10537e73df52120
66167fc8e10537e85f4fe4c1,66166581fc13ae7017ab8f79,66167c20e10537e83cb67476
66167fc8e10537e85f4fe4c2,66166581fc13ae7017ab8fea,66167c20e10537e71b41aa82
66167fc8e10537e85f4fe4c3,66166581fc13ae7017ab8f71,66167c20e10537e752949fc5
66167fc8e10537e85f4fe4c4,66166581fc13ae7017ab8f11,66167c20e10537e6dda6cc34
66167fc8e10537e85f4fe4c5,66166583fc13ae7017ab92ab,66167c20e10537e6f9e78669
66167fc8e10537e85f4fe4c6,66166581fc13ae7017ab8fcf,66167c20e10537e7c52103c9
66167fc8e10537e85f4fe4c7,66166581fc13ae7017ab8f2f,66167c20e10537e6c405f851
66167fc8e10537e85f4fe4c8,66166581fc13ae7017ab8ff5,66167c20e10537e7714b2053
66167fc8e10537e85f4fe4c9,66166582fc13ae7017ab909e,66167c20e10537e70a816c8d
66167fc8e10537e85f4fe4ca,66166583fc13ae7017ab9276,66167c20e10537e841ea2dd5
66167fc8e10537e85f4fe4cb,66166582fc13ae7017ab9041,66167c20e10537e82b6ef78d
66167fc8e10537e85f4fe4cc,66166583fc13ae7017ab92b9,66167c20e10537e83e6ca509
66167fc8e10537e85f4fe4cd,66166582fc13ae7017ab90fb,66167c20e10537e7a67f3ebc
66167fc8e10537e85f4fe4ce,66166581fc13ae7017ab8ffd,66167c20e10537e7a3c972f6
66167fc9e10537e85f4fe4cf,66166581fc13ae7017ab8f36,66167c20e10537e841ea2dd5
66167fc8e10537e7916ba1e1,66166581fc13ae7017ab8f52,66167c20e10537e71b41aa82
66167fc8e10537e7916ba1e2,66166582fc13ae7017ab9165,66167c20e10537e7a3c972f6
66167fc8e10537e7916ba1e3,66166581fc13ae7017ab8ff2,66167c20e10537e6d7ef1236
66167fc8e10537e7916ba1e4,66166583fc13ae7017ab92a5,66167c20e10537e73df52120
66167fc8e10537e7916ba1e5,66166581fc13ae7017ab8fbf,66167c20e10537e875099c2a
66167fc8e10537e7916ba1e6,66166581fc13ae7017ab8f8e,66167c20e10537e7916ba1e0
66167fc8e10537e7916ba1e7,66166582fc13ae7017ab9162,66167c20e10537e752949fc5
66167fc8e10537e7916ba1e8,66166583fc13ae7017ab92e5,66167c20e10537e83cb67476
66167fc8e10537e7916ba1e9,66166583fc13ae7017ab92ef,66167c20e10537e72c310187
66167fc8e10537e7916ba1ea,66166581fc13ae7017ab8ff1,66167c20e10537e770366221
66167fc8e10537e7916ba1eb,66166582fc13ae7017ab9188,66167c20e10537e7a67f3ebc
66167fc8e10537e7916ba1ec,66166581fc13ae7017ab8f9d,66167c20e10537e6f9e78669
66167fc8e10537e7916ba1ed,66166581fc13ae7017ab8f60,66167c20e10537e7b003c74e
66167fc8e10537e7916ba1ee,66166583fc13ae7017ab91ca,66167c20e10537e83e6ca509
66167fc8e10537e7916ba1ef,66166581fc13ae7017ab8fdb,66167c20e10537e8b1b76003
66167fc8e10537e7916ba1f0,66166581fc13ae7017ab8f65,66167c20e10537e6dda6cc34
66167fc8e10537e7916ba1f1,66166581fc13ae7017ab8f35,66167c20e10537e6c405f851
66167fc8e10537e7916ba1f2,66166583fc13ae7017ab92ce,66167c20e10537e80c7b869f
66167fc8e10537e7916ba1f3,66166581fc13ae7017ab8f33,66167c20e10537e82b6ef78d
66167fc8e10537e7916ba1f4,66166582fc13ae7017ab90fc,66167c20e10537e7c2855baa
66167fc8e10537e7916ba1f5,66166582fc13ae7017ab9146,66167c20e10537e70a816c8d
66167fc8e10537e7916ba1f6,66166583fc13ae7017ab92d1,66167c20e10537e8928bbf86
66167fc8e10537e7916ba1f7,66166582fc13ae7017ab9115,66167c20e10537e841ea2dd5
66167fc8e10537e7916ba1f8,66166581fc13ae7017ab900c,66167c20e10537e8a3bcf189
66167fc8e10537e7916ba1f9,66166582fc13ae7017ab9119,66167c20e10537e85f4fe4b0
66167fc8e10537e7916ba1fa,66166581fc13ae7017ab8f84,66167c20e10537e8c57ab3e8
66167fc8e10537e7916ba1fb,66166581fc13ae7017ab9015,66167c20e10537e7714b2053
66167fc8e10537e7916ba1fc,66166582fc13ae7017ab90c6,66167c20e10537e7c52103c9
66167fc8e10537e7916ba1fd,66166583fc13ae7017ab923a,66167c20e10537e80985c409
66167fc8e10537e7916ba1fe,66166582fc13ae7017ab916e,66167c20e10537e70a816c8d
66167fc9e10537e7916ba1ff,66166582fc13ae7017ab9084,66167c20e10537e7714b2053
66167fc8e10537e8c57ab3e9,66166582fc13ae7017ab912e,66167c20e10537e8c57ab3e8
66167fc8e10537e8c57ab3ea,66166583fc13ae7017ab9230,66167c20e10537e841ea2dd5
66167fc8e10537e8c57ab3eb,66166583fc13ae7017ab91e7,66167c20e10537e6c405f851
66167fc8e10537e8c57ab3ec,66166582fc13ae7017ab9072,66167c20e10537e82b6ef78d
66167fc8e10537e8c57ab3ed,66166583fc13ae7017ab91c1,66167c20e10537e7714b2053
66167fc8e10537e8c57ab3ee,66166581fc13ae7017ab8f38,66167c20e10537e7b003c74e
66167fc8e10537e8c57ab3ef,66166582fc13ae7017ab902c,66167c20e10537e72c310187
66167fc8e10537e8c57ab3f0,66166581fc13ae7017ab8ff6,66167c20e10537e7c52103c9
66167fc8e10537e8c57ab3f1,66166581fc13ae7017ab8f99,66167c20e10537e7916ba1e0
66167fc8e10537e8c57ab3f2,66166582fc13ae7017ab918b,66167c20e10537e7a3c972f6
66167fc8e10537e8c57ab3f3,66166582fc13ae7017ab906a,66167c20e10537e83e6ca509
66167fc8e10537e8c57ab3f4,66166581fc13ae7017ab8f22,66167c20e10537e770366221
66167fc8e10537e8c57ab3f5,66166582fc13ae7017ab905f,66167c20e10537e6dda6cc34
66167fc8e10537e8c57ab3f6,66166583fc13ae7017ab91f3,66167c20e10537e875099c2a
66167fc8e10537e8c57ab3f7,66166581fc13ae7017ab9010,66167c20e10537e80985c409
66167fc8e10537e8c57ab3f8,66166581fc13ae7017ab8fa3,66167c20e10537e8a3bcf189
66167fc8e10537e8c57ab3f9,66166583fc13ae7017ab919c,66167c20e10537e83cb67476
66167fc8e10537e8c57ab3fa,66166581fc13ae7017ab8ff3,66167c20e10537e71b41aa82
66167fc8e10537e8c57ab3fb,66166582fc13ae7017ab917a,66167c20e10537e8b1b76003
66167fc8e10537e8c57ab3fc,66166583fc13ae7017ab929b,66167c20e10537e70a816c8d
66167fc8e10537e8c57ab3fd,66166581fc13ae7017ab8f66,66167c20e10537e85f4fe4b0
66167fc8e10537e8c57ab3fe,66166582fc13ae7017ab902c,66167c20e10537e7c2855baa
66167fc8e10537e8c57ab3ff,66166582fc13ae7017ab90d7,66167c20e10537e752949fc5
66167fc8e10537e8c57ab400,66166581fc13ae7017ab8f76,66167c20e10537e6f9e78669
66167fc8e10537e8c57ab401,66166583fc13ae7017ab92b2,66167c20e10537e7a67f3ebc
66167fc8e10537e8c57ab402,66166582fc13ae7017ab9096,66167c20e10537e6d7ef1236
66167fc8e10537e8c57ab403,66166581fc13ae7017ab8f67,66167c20e10537e73df52120
66167fc8e10537e8c57ab404,66166582fc13ae7017ab9098,66167c20e10537e80c7b869f
66167fc8e10537e8c57ab405,66166582fc13ae7017ab912c,66167c20e10537e8928bbf86
66167fc8e10537e8c57ab406,66166581fc13ae7017ab901e,66167c20e10537e73df52120
66167fc9e10537e8c57ab407,66166583fc13ae7017ab9222,66167c20e10537e7c2855baa
66167fc7e10537e83cb67477,66166583fc13ae7017ab9299,66167c20e10537e6d7ef1236
66167fc8e10537e83cb67478,66166583fc13ae7017ab91f2,66167c20e10537e72c310187
66167fc8e10537e83cb67479,66166582fc13ae7017ab910f,66167c20e10537e6f9e78669
66167fc8e10537e83cb6747a,66166582fc13ae7017ab90e1,66167c20e10537e80c7b869f
66167fc8e10537e83cb6747b,66166583fc13ae7017ab92b4,66167c20e10537e7a67f3ebc
66167fc8e10537e83cb6747c,66166581fc13ae7017ab8f7f,66167c20e10537e7a3c972f6
66167fc8e10537e83cb6747d,66166583fc13ae7017ab928a,66167c20e10537e6dda6cc34
66167fc8e10537e83cb6747e,66166583fc13ae7017ab9207,66167c20e10537e73df52120
66167fc8e10537e83cb6747f,66166583fc13ae7017ab92e9,66167c20e10537e82b6ef78d
66167fc8e10537e83cb67480,66166581fc13ae7017ab9013,66167c20e10537e7714b2053
66167fc8e10537e83cb67481,66166582fc13ae7017ab911b,66167c20e10537e80985c409
66167fc8e10537e83cb67482,66166582fc13ae7017ab9060,66167c20e10537e83cb67476
66167fc8e10537e83cb67483,66166581fc13ae7017ab8feb,66167c20e10537e752949fc5
66167fc8e10537e83cb67484,66166582fc13ae7017ab9044,66167c20e10537e8c57ab3e8
66167fc8e10537e83cb67485,66166581fc13ae7017ab8fc4,66167c20e10537e85f4fe4b0
66167fc8e10537e83cb67486,66166581fc13ae7017ab8f1e,66167c20e10537e8b1b76003
66167fc8e10537e83cb67487,66166581fc13ae7017ab8f84,66167c20e10537e875099c2a
66167fc8e10537e83cb67488,66166582fc13ae7017ab9110,66167c20e10537e770366221
66167fc8e10537e83cb67489,66166583fc13ae7017ab91f6,66167c20e10537e71b41aa82
66167fc8e10537e83cb6748a,66166583fc13ae7017ab9199,66167c20e10537e7b003c74e
66167fc8e10537e83cb6748b,66166583fc13ae7017ab9275,66167c20e10537e7c52103c9
66167fc8e10537e83cb6748c,66166582fc13ae7017ab908d,66167c20e10537e841ea2dd5
66167fc8e10537e83cb6748d,66166582fc13ae7017ab9185,66167c20e10537e7916ba1e0
66167fc8e10537e83cb6748e,66166583fc13ae7017ab9280,66167c20e10537e70a816c8d
66167fc8e10537e83cb6748f,66166583fc13ae7017ab91a9,66167c20e10537e8a3bcf189
66167fc8e10537e83cb67490,66166582fc13ae7017ab9151,66167c20e10537e8928bbf86
66167fc8e10537e83cb67491,66166582fc13ae7017ab9041,66167c20e10537e7c2855baa
66167fc8e10537e83cb67492,66166582fc13ae7017ab90a1,66167c20e10537e83e6ca509
66167fc8e10537e83cb67493,66166583fc13ae7017ab91e4,66167c20e10537e6c405f851
66167fc8e10537e83cb67494,66166582fc13ae7017ab9072,66167c20e10537e875099c2a
66167fc9e10537e83cb67495,66166582fc13ae7017ab909b,66167c20e10537e7714b2053
66167fc7e10537e83e6ca50a,66166583fc13ae7017ab91c2,66167c20e10537e7a3c972f6
66167fc8e10537e83e6ca50b,66166581fc13ae7017ab8fb0,66167c20e10537e80c7b869f
66167fc8e10537e83e6ca50c,66166583fc13ae7017ab92ba,66167c20e10537e8928bbf86
66167fc8e10537e83e6ca50d,66166583fc13ae7017ab91a6,66167c20e10537e82b6ef78d
66167fc8e10537e83e6ca50e,66166583fc13ae7017ab9287,66167c20e10537e875099c2a
66167fc8e10537e83e6ca50f,66166582fc13ae7017ab914a,66167c20e10537e71b41aa82
66167fc8e10537e83e6ca510,66166582fc13ae7017ab9179,66167c20e10537e8c57ab3e8
66167fc8e10537e83e6ca511,66166582fc13ae7017ab909c,66167c20e10537e70a816c8d
66167fc8e10537e83e6ca512,66166581fc13ae7017ab8ff4,66167c20e10537e8a3bcf189
66167fc8e10537e83e6ca513,66166582fc13ae7017ab9044,66167c20e10537e72c310187
66167fc8e10537e83e6ca514,66166581fc13ae7017ab8f1b,66167c20e10537e85f4fe4b0
66167fc8e10537e83e6ca515,66166581fc13ae7017ab8fd2,66167c20e10537e841ea2dd5
66167fc8e10537e83e6ca516,66166583fc13ae7017ab9282,66167c20e10537e7c52103c9
66167fc8e10537e83e6ca517,66166581fc13ae7017ab8f6f,66167c20e10537e6dda6cc34
66167fc8e10537e83e6ca518,66166581fc13ae7017ab8f42,66167c20e10537e770366221
66167fc8e10537e83e6ca519,66166582fc13ae7017ab905e,66167c20e10537e7c2855baa
66167fc8e10537e83e6ca51a,66166581fc13ae7017ab8fee,66167c20e10537e7a67f3ebc
66167fc8e10537e83e6ca51b,66166581fc13ae7017ab8f95,66167c20e10537e80985c409
66167fc8e10537e83e6ca51c,66166582fc13ae7017ab9091,66167c20e10537e7b003c74e
66167fc8e10537e83e6ca51d,66166581fc13ae7017ab8f14,66167c20e10537e83e6ca509
66167fc8e10537e83e6ca51e,66166582fc13ae7017ab9137,66167c20e10537e73df52120
66167fc8e10537e83e6ca51f,66166582fc13ae7017ab9137,66167c20e10537e6c405f851
66167fc8e10537e83e6ca520,66166581fc13ae7017ab8f53,66167c20e10537e83cb67476
66167fc8e10537e83e6ca521,66166583fc13ae7017ab928d,66167c20e10537e7714b2053
66167fc8e10537e83e6ca522,66166583fc13ae7017ab91b9,66167c20e10537e6d7ef1236
66167fc8e10537e83e6ca523,66166583fc13ae7017ab9299,66167c20e10537e7916ba1e0
66167fc8e10537e83e6ca524,66166583fc13ae7017ab92bc,66167c20e10537e8b1b76003
66167fc8e10537e83e6ca525,66166582fc13ae7017ab90a9,66167c20e10537e6f9e78669
66167fc8e10537e83e6ca526,66166583fc13ae7017ab92b4,66167c20e10537e752949fc5
66167fc8e10537e83e6ca527,66166582fc13ae7017ab9086,66167c20e10537e875099c2a
66167fc9e10537e83e6ca528,66166582fc13ae7017ab915f,66167c20e10537e80c7b869f
66167fc7e10537e8928bbf87,66166582fc13ae7017ab9104,66167c20e10537e83cb67476
66167fc8e10537e8928bbf88,66166583fc13ae7017ab9208,66167c20e10537e8a3bcf189
66167fc8e10537e8928bbf89,66166581fc13ae7017ab8ff0,66167c20e10537e8928bbf86
66167fc8e10537e8928bbf8a,66166583fc13ae7017ab91a7,66167c20e10537e7a3c972f6
66167fc8e10537e8928bbf8b,66166583fc13ae7017ab91f0,66167c20e10537e71b41aa82
66167fc8e10537e8928bbf8c,66166581fc13ae7017ab8fb1,66167c20e10537e7c52103c9
66167fc8e10537e8928bbf8d,66166581fc13ae7017ab8f8d,66167c20e10537e80c7b869f
66167fc8e10537e8928bbf8e,66166583fc13ae7017ab92b0,66167c20e10537e6d7ef1236
66167fc8e10537e8928bbf8f,66166581fc13ae7017ab8f29,66167c20e10537e6c405f851
66167fc8e10537e8928bbf90,66166581fc13ae7017ab9000,66167c20e10537e7916ba1e0
66167fc8e10537e8928bbf91,66166583fc13ae7017ab91aa,66167c20e10537e6dda6cc34
66167fc8e10537e8928bbf92,66166581fc13ae7017ab8f3f,66167c20e10537e80985c409
66167fc8e10537e8928bbf93,66166581fc13ae7017ab8f1d,66167c20e10537e6f9e78669
66167fc8e10537e8928bbf94,66166583fc13ae7017ab923c,66167c20e10537e8b1b76003
66167fc8e10537e8928bbf95,66166581fc13ae7017ab8fdc,66167c20e10537e83e6ca509
66167fc8e10537e8928bbf96,66166582fc13ae7017ab9174,66167c20e10537e7714b2053
66167fc8e10537e8928bbf97,66166582fc13ae7017ab9127,66167c20e10537e7a67f3ebc
66167fc8e10537e8928bbf98,66166583fc13ae7017ab91fc,66167c20e10537e73df52120
66167fc8e10537e8928bbf99,66166582fc13ae7017ab9149,66167c20e10537e7b003c74e
66167fc8e10537e8928bbf9a,66166582fc13ae7017ab912c,66167c20e10537e72c310187
66167fc8e10537e8928bbf9b,66166581fc13ae7017ab9009,66167c20e10537e752949fc5
66167fc8e10537e8928bbf9c,66166582fc13ae7017ab9101,66167c20e10537e70a816c8d
66167fc8e10537e8928bbf9d,66166583fc13ae7017ab92e1,66167c20e10537e85f4fe4b0
66167fc8e10537e8928bbf9e,66166582fc13ae7017ab9115,66167c20e10537e82b6ef78d
66167fc8e10537e8928bbf9f,66166583fc13ae7017ab92a5,66167c20e10537e7c2855baa
66167fc8e10537e8928bbfa0,66166583fc13ae7017ab919e,66167c20e10537e875099c2a
66167fc8e10537e8928bbfa1,66166583fc13ae7017ab9298,66167c20e10537e841ea2dd5
66167fc8e10537e8928bbfa2,66166582fc13ae7017ab9192,66167c20e10537e8c57ab3e8
66167fc8e10537e8928bbfa3,66166581fc13ae7017ab8f80,66167c20e10537e770366221
66167fc8e10537e8928bbfa4,66166583fc13ae7017ab925a,66167c20e10537e7714b2053
66167fc9e10537e8928bbfa5,66166583fc13ae7017ab92a5,66167c20e10537e7a3c972f6
66167fc8e10537e7c52103ca,66166583fc13ae7017ab91e4,66167c20e10537e6f9e78669
66167fc8e10537e7c52103cb,66166582fc13ae7017ab90dd,66167c20e10537e841ea2dd5
66167fc8e10537e7c52103cc,66166582fc13ae7017ab917c,66167c20e10537e71b41aa82
66167fc8e10537e7c52103cd,66166583fc13ae7017ab9256,66167c20e10537e7c52103c9
66167fc8e10537e7c52103ce,66166582fc13ae7017ab9070,66167c20e10537e8b1b76003
66167fc8e10537e7c52103cf,66166583fc13ae7017ab91e4,66167c20e10537e80c7b869f
66167fc8e10537e7c52103d0,66166583fc13ae7017ab91dc,66167c20e10537e752949fc5
66167fc8e10537e7c52103d1,66166583fc13ae7017ab92b6,66167c20e10537e83cb67476
66167fc8e10537e7c52103d2,66166581fc13ae7017ab8fb1,66167c20e10537e72c310187
66167fc8e10537e7c52103d3,66166583fc13ae7017ab91c1,66167c20e10537e770366221
66167fc8e10537e7c52103d4,66166583fc13ae7017ab9299,66167c20e10537e6c405f851
66167fc8e10537e7c52103d5,66166582fc13ae7017ab9070,66167c20e10537e8c57ab3e8
66167fc8e10537e7c52103d6,66166583fc13ae7017ab92c7,66167c20e10537e6d7ef1236
66167fc8e10537e7c52103d7,66166582fc13ae7017ab9181,66167c20e10537e82b6ef78d
66167fc8e10537e7c52103d8,66166581fc13ae7017ab9016,66167c20e10537e70a816c8d
66167fc8e10537e7c52103d9,66166583fc13ae7017ab91a4,66167c20e10537e85f4fe4b0
66167fc8e10537e7c52103da,66166583fc13ae7017ab92b4,66167c20e10537e7a3c972f6
66167fc8e10537e7c52103db,66166582fc13ae7017ab9070,66167c20e10537e7b003c74e
66167fc8e10537e7c52103dc,66166581fc13ae7017ab8f41,66167c20e10537e7c2855baa
66167fc8e10537e7c52103dd,66166583fc13ae7017ab922a,66167c20e10537e80985c409
66167fc8e10537e7c52103de,66166583fc13ae7017ab92c2,66167c20e10537e7714b2053
66167fc8e10537e7c52103df,66166581fc13ae7017ab8f71,66167c20e10537e83e6ca509
66167fc8e10537e7c52103e0,66166582fc13ae7017ab9036,66167c20e10537e6dda6cc34
66167fc8e10537e7c52103e1,66166582fc13ae7017ab9029,66167c20e10537e7916ba1e0
66167fc8e10537e7c52103e2,66166581fc13ae7017ab8f82,66167c20e10537e7a67f3ebc
66167fc8e10537e7c52103e3,66166583fc13ae7017ab92bc,66167c20e10537e8928bbf86
66167fc8e10537e7c52103e4,66166581fc13ae7017ab8f6b,66167c20e10537e875099c2a
66167fc8e10537e7c52103e5,66166581fc13ae7017ab8f4a,66167c20e10537e8a3bcf189
66167fc8e10537e7c52103e6,66166581fc13ae7017ab8fbf,66167c20e10537e73df52120
66167fc8e10537e7c52103e7,66166582fc13ae7017ab9036,66167c20e10537e70a816c8d
66167fc9e10537e7c52103e8,66166582fc13ae7017ab9064,66167c20e10537e8c57ab3e8
66167fc8e10537e71b41aa83,66166581fc13ae7017ab8f27,66167c20e10537e7b003c74e
66167fc8e10537e71b41aa84,66166583fc13ae7017ab921f,66167c20e10537e7916ba1e0
66167fc8e10537e71b41aa85,66166582fc13ae7017ab9123,66167c20e10537e83cb67476
66167fc8e10537e71b41aa86,66166581fc13ae7017ab8f93,66167c20e10537e6c405f851
66167fc8e10537e71b41aa87,66166582fc13ae7017ab905a,66167c20e10537e82b6ef78d
66167fc8e10537e71b41aa88,66166582fc13ae7017ab90e8,66167c20e10537e8a3bcf189
66167fc8e10537e71b41aa89,66166581fc13ae7017ab8f17,66167c20e10537e80985c409
66167fc8e10537e71b41aa8a,66166582fc13ae7017ab9146,66167c20e10537e83e6ca509
66167fc8e10537e71b41aa8b,66166582fc13ae7017ab9153,66167c20e10537e752949fc5
66167fc8e10537e71b41aa8c,66166583fc13ae7017ab91de,66167c20e10537e80c7b869f
66167fc8e10537e71b41aa8d,66166583fc13ae7017ab9229,66167c20e10537e770366221
66167fc8e10537e71b41aa8e,66166583fc13ae7017ab924c,66167c20e10537e71b41aa82
66167fc8e10537e71b41aa8f,66166581fc13ae7017ab901a,66167c20e10537e6f9e78669
66167fc8e10537e71b41aa90,66166582fc13ae7017ab90ac,66167c20e10537e7a3c972f6
66167fc8e10537e71b41aa91,66166583fc13ae7017ab922c,66167c20e10537e72c310187
66167fc8e10537e71b41aa92,66166582fc13ae7017ab90bd,66167c20e10537e85f4fe4b0
66167fc8e10537e71b41aa93,66166582fc13ae7017ab90b0,66167c20e10537e875099c2a
66167fc8e10537e71b41aa94,66166582fc13ae7017ab9089,66167c20e10537e7714b2053
66167fc8e10537e71b41aa95,66166583fc13ae7017ab928e,66167c20e10537e7c52103c9
66167fc8e10537e71b41aa96,66166581fc13ae7017ab9019,66167c20e10537e6dda6cc34
66167fc8e10537e71b41aa97,66166583fc13ae7017ab927f,66167c20e10537e7c2855baa
66167fc8e10537e71b41aa98,66166582fc13ae7017ab9098,66167c20e10537e8b1b76003
66167fc8e10537e71b41aa99,66166581fc13ae7017ab8ff9,66167c20e10537e6d7ef1236
66167fc8e10537e71b41aa9a,66166582fc13ae7017ab9057,66167c20e10537e73df52120
66167fc8e10537e71b41aa9b,66166581fc13ae7017ab8f3b,66167c20e10537e8928bbf86
66167fc8e10537e71b41aa9c,66166581fc13ae7017ab8fbb,66167c20e10537e841ea2dd5
66167fc8e10537e71b41aa9d,66166583fc13ae7017ab91c1,66167c20e10537e8c57ab3e8
66167fc8e10537e71b41aa9e,66166581fc13ae7017ab8f40,66167c20e10537e70a816c8d
66167fc8e10537e71b41aa9f,66166582fc13ae7017ab9056,66167c20e10537e7a67f3ebc
66167fc8e10537e71b41aaa0,66166582fc13ae7017ab9117,66167c20e10537e770366221
66167fc9e10537e71b41aaa1,66166581fc13ae7017ab8fcf,66167c20e10537e73df52120
66167fc8e10537e8a3bcf18a,66166583fc13ae7017ab91f9,66167c20e10537e7916ba1e0
66167fc8e10537e8a3bcf18b,66166582fc13ae7017ab9196,66167c20e10537e70a816c8d
66167fc8e10537e8a3bcf18c,66166581fc13ae7017ab8fec,66167c20e10537e7714b2053
66167fc8e10537e8a3bcf18d,66166581fc13ae7017ab8f4a,66167c20e10537e7c52103c9
66167fc8e10537e8a3bcf18e,66166581fc13ae7017ab8f92,66167c20e10537e72c310187
66167fc8e10537e8a3bcf18f,66166582fc13ae7017ab9048,66167c20e10537e83cb67476
66167fc8e10537e8a3bcf190,66166583fc13ae7017ab91fb,66167c20e10537e841ea2dd5
66167fc8e10537e8a3bcf191,66166581fc13ae7017ab8f0d,66167c20e10537e8928bbf86
66167fc8e10537e8a3bcf192,66166581fc13ae7017ab8fb6,66167c20e10537e770366221
66167fc8e10537e8a3bcf193,66166581fc13ae7017ab9003,66167c20e10537e8a3bcf189
66167fc8e10537e8a3bcf194,66166581fc13ae7017ab901b,66167c20e10537e875099c2a
66167fc8e10537e8a3bcf195,66166581fc13ae7017ab8f22,66167c20e10537e7c2855baa
66167fc8e10537e8a3bcf196,66166581fc13ae7017ab8f92,66167c20e10537e80985c409
66167fc8e10537e8a3bcf197,66166583fc13ae7017ab9286,66167c20e10537e73df52120
66167fc8e10537e8a3bcf198,66166582fc13ae7017ab9149,66167c20e10537e7a67f3ebc
66167fc8e10537e8a3bcf199,66166582fc13ae7017ab9098,66167c20e10537e83e6ca509
66167fc8e10537e8a3bcf19a,66166581fc13ae7017ab9024,66167c20e10537e85f4fe4b0
66167fc8e10537e8a3bcf19b,66166582fc13ae7017ab9146,66167c20e10537e6dda6cc34
66167fc8e10537e8a3bcf19c,66166581fc13ae7017ab8fe7,66167c20e10537e8b1b76003
66167fc8e10537e8a3bcf19d,66166583fc13ae7017ab92ee,66167c20e10537e82b6ef78d
66167fc8e10537e8a3bcf19e,66166583fc13ae7017ab921b,66167c20e10537e752949fc5
66167fc8e10537e8a3bcf19f,66166583fc13ae7017ab91d7,66167c20e10537e71b41aa82
66167fc8e10537e8a3bcf1a0,66166582fc13ae7017ab904c,66167c20e10537e8c57ab3e8
66167fc8e10537e8a3bcf1a1,66166582fc13ae7017ab90b0,66167c20e10537e7b003c74e
66167fc8e10537e8a3bcf1a2,66166581fc13ae7017ab8fea,66167c20e10537e6c405f851
66167fc8e10537e8a3bcf1a3,66166583fc13ae7017ab92de,66167c20e10537e80c7b869f
66167fc8e10537e8a3bcf1a4,66166583fc13ae7017ab9267,66167c20e10537e6f9e78669
66167fc8e10537e8a3bcf1a5,66166582fc13ae7017ab9086,66167c20e10537e7a3c972f6
66167fc8e10537e8a3bcf1a6,66166581fc13ae7017ab9004,66167c20e10537e6d7ef1236
66167fc8e10537e8a3bcf1a7,66166581fc13ae7017ab8f7e,66167c20e10537e80985c409
66167fc9e10537e8a3bcf1a8,66166582fc13ae7017ab9062,66167c20e10537e841ea2dd5
66167fc8e10537e8b1b76004,66166582fc13ae7017ab916e,66167c20e10537e6c405f851
66167fc8e10537e8b1b76005,66166582fc13ae7017ab9047,66167c20e10537e7b003c74e
66167fc8e10537e8b1b76006,66166581fc13ae7017ab9019,66167c20e10537e70a816c8d
66167fc8e10537e8b1b76007,66166583fc13ae7017ab926c,66167c20e10537e8b1b76003
66167fc8e10537e8b1b76008,66166581fc13ae7017ab8fbf,66167c20e10537e80c7b869f
66167fc8e10537e8b1b76009,66166581fc13ae7017ab8f3b,66167c20e10537e7c52103c9
66167fc8e10537e8b1b7600a,66166582fc13ae7017ab9083,66167c20e10537e6d7ef1236
66167fc8e10537e8b1b7600b,66166583fc13ae7017ab91cd,66167c20e10537e83e6ca509
66167fc8e10537e8b1b7600c,66166583fc13ae7017ab924e,66167c20e10537e80985c409
66167fc8e10537e8b1b7600d,66166583fc13ae7017ab91bc,66167c20e10537e6dda6cc34
66167fc8e10537e8b1b7600e,66166581fc13ae7017ab8f76,66167c20e10537e8a3bcf189
66167fc8e10537e8b1b7600f,66166583fc13ae7017ab919c,66167c20e10537e770366221
66167fc8e10537e8b1b76010,66166583fc13ae7017ab91a1,66167c20e10537e7a3c972f6
66167fc8e10537e8b1b76011,66166583fc13ae7017ab9218,66167c20e10537e8c57ab3e8
66167fc8e10537e8b1b76012,66166582fc13ae7017ab90d8,66167c20e10537e72c310187
66167fc8e10537e8b1b76013,66166581fc13ae7017ab8ffe,66167c20e10537e73df52120
66167fc8e10537e8b1b76014,66166583fc13ae7017ab9222,66167c20e10537e82b6ef78d
66167fc8e10537e8b1b76015,66166581fc13ae7017ab8fe3,66167c20e10537e841ea2dd5
66167fc8e10537e8b1b76016,66166583fc13ae7017ab9296,66167c20e10537e8928bbf86
66167fc8e10537e8b1b76017,66166582fc13ae7017ab9177,66167c20e10537e83cb67476
66167fc8e10537e8b1b76018,66166581fc13ae7017ab8f74,66167c20e10537e7c2855baa
66167fc8e10537e8b1b76019,66166583fc13ae7017ab91ee,66167c20e10537e6f9e78669
66167fc8e10537e8b1b7601a,66166583fc13ae7017ab929c,66167c20e10537e85f4fe4b0
66167fc8e10537e8b1b7601b,66166582fc13ae7017ab903e,66167c20e10537e875099c2a
66167fc8e10537e8b1b7601c,66166583fc13ae7017ab928e,66167c20e10537e7714b2053
66167fc8e10537e8b1b7601d,66166583fc13ae7017ab919f,66167c20e10537e752949fc5
66167fc8e10537e8b1b7601e,66166583fc13ae7017ab919d,66167c20e10537e71b41aa82
66167fc8e10537e8b1b7601f,66166582fc13ae7017ab917b,66167c20e10537e7a67f3ebc
66167fc8e10537e8b1b76020,66166582fc13ae7017ab916d,66167c20e10537e7916ba1e0
66167fc8e10537e8b1b76021,66166582fc13ae7017ab9081,66167c20e10537e83cb67476
66167fc9e10537e8b1b76022,66166583fc13ae7017ab92a0,66167c20e10537e80c7b869f
66167fc8e10537e6c405f852,66166583fc13ae7017ab91ba,66167c20e10537e80c7b869f
66167fc8e10537e6c405f853,66166582fc13ae7017ab910d,66167c20e10537e7714b2053
66167fc8e10537e6c405f854,66166583fc13ae7017ab9206,66167c20e10537e70a816c8d
66167fc8e10537e6c405f855,66166582fc13ae7017ab9184,66167c20e10537e6f9e78669
66167fc8e10537e6c405f856,66166581fc13ae7017ab8f6e,66167c20e10537e7b003c74e
66167fc8e10537e6c405f857,66166582fc13ae7017ab90eb,66167c20e10537e73df52120
66167fc8e10537e6c405f858,66166582fc13ae7017ab90a0,66167c20e10537e83e6ca509
66167fc8e10537e6c405f859,66166583fc13ae7017ab919b,66167c20e10537e752949fc5
66167fc8e10537e6c405f85a,66166582fc13ae7017ab911d,66167c20e10537e841ea2dd5
66167fc8e10537e6c405f85b,66166581fc13ae7017ab8f9f,66167c20e10537e8a3bcf189
66167fc8e10537e6c405f85c,66166581fc13ae7017ab8fc9,66167c20e10537e85f4fe4b0
66167fc8e10537e6c405f85d,66166583fc13ae7017ab92b0,66167c20e10537e72c310187
66167fc8e10537e6c405f85e,66166581fc13ae7017ab8f37,66167c20e10537e7a3c972f6
66167fc8e10537e6c405f85f,66166582fc13ae7017ab902b,66167c20e10537e8928bbf86
66167fc8e10537e6c405f860,66166583fc13ae7017ab9283,66167c20e10537e7916ba1e0
66167fc8e10537e6c405f861,66166583fc13ae7017ab9257,66167c20e10537e8b1b76003
66167fc8e10537e6c405f862,66166582fc13ae7017ab9179,66167c20e10537e6d7ef1236
66167fc8e10537e6c405f863,66166581fc13ae7017ab8fc0,66167c20e10537e80985c409
66167fc8e10537e6c405f864,66166583fc13ae7017ab9225,66167c20e10537e770366221
66167fc8e10537e6c405f865,66166583fc13ae7017ab92dc,66167c20e10537e83cb67476
66167fc8e10537e6c405f866,66166582fc13ae7017ab9115,66167c20e10537e6c405f851
66167fc8e10537e6c405f867,66166582fc13ae7017ab9031,66167c20e10537e7a67f3ebc
66167fc8e10537e6c405f868,66166581fc13ae7017ab8f33,66167c20e10537e71b41aa82
66167fc8e10537e6c405f869,66166581fc13ae7017ab8f35,66167c20e10537e7c52103c9
66167fc8e10537e6c405f86a,66166582fc13ae7017ab909e,66167c20e10537e82b6ef78d
66167fc8e10537e6c405f86b,66166582fc13ae7017ab9133,66167c20e10537e8c57ab3e8
66167fc8e10537e6c405f86c,66166581fc13ae7017ab8f56,66167c20e10537e6dda6cc34
66167fc8e10537e6c405f86d,66166582fc13ae7017ab9032,66167c20e10537e7c2855baa
66167fc8e10537e6c405f86e,66166583fc13ae7017ab92a1,66167c20e10537e875099c2a
66167fc8e10537e6c405f86f,66166583fc13ae7017ab92bf,66167c20e10537e80c7b869f
66167fc9e10537e6c405f870,66166583fc13ae7017ab9291,66167c20e10537e71b41aa82
66167fc8e10537e770366222,66166583fc13ae7017ab9299,66167c20e10537e71b41aa82
66167fc8e10537e770366223,66166582fc13ae7017ab903d,66167c20e10537e83e6ca509
66167fc8e10537e770366224,66166583fc13ae7017ab92b3,66167c20e10537e72c310187
66167fc8e10537e770366225,66166583fc13ae7017ab91af,66167c20e10537e6dda6cc34
66167fc8e10537e770366226,66166582fc13ae7017ab912d,66167c20e10537e8a3bcf189
66167fc8e10537e770366227,66166583fc13ae7017ab9269,66167c20e10537e7c52103c9
66167fc8e10537e770366228,66166582fc13ae7017ab902c,66167c20e10537e7a67f3ebc
66167fc8e10537e770366229,66166581fc13ae7017ab8f1a,66167c20e10537e6c405f851
66167fc8e10537e77036622a,66166581fc13ae7017ab8fdd,66167c20e10537e7714b2053
66167fc8e10537e77036622b,66166581fc13ae7017ab8f4d,66167c20e10537e752949fc5
66167fc8e10537e77036622c,66166581fc13ae7017ab9015,66167c20e10537e875099c2a
66167fc8e10537e77036622d,66166583fc13ae7017ab9259,66167c20e10537e80985c409
66167fc8e10537e77036622e,66166582fc13ae7017ab915d,66167c20e10537e6d7ef1236
66167fc8e10537e77036622f,66166581fc13ae7017ab8fe6,66167c20e10537e8928bbf86
66167fc8e10537e770366230,66166582fc13ae7017ab90c8,66167c20e10537e7c2855baa
66167fc8e10537e770366231,66166581fc13ae7017ab8f43,66167c20e10537e841ea2dd5
66167fc8e10537e770366232,66166582fc13ae7017ab903e,66167c20e10537e7b003c74e
66167fc8e10537e770366233,66166581fc13ae7017ab8f6b,66167c20e10537e7916ba1e0
66167fc8e10537e770366234,66166581fc13ae7017ab8fe7,66167c20e10537e8b1b76003
66167fc8e10537e770366235,66166581fc13ae7017ab8ff6,66167c20e10537e770366221
66167fc8e10537e770366236,66166582fc13ae7017ab9191,66167c20e10537e70a816c8d
66167fc8e10537e770366237,66166583fc13ae7017ab91fe,66167c20e10537e8c57ab3e8
66167fc8e10537e770366238,66166582fc13ae7017ab9128,66167c20e10537e83cb67476
66167fc8e10537e770366239,66166581fc13ae7017ab9017,66167c20e10537e6f9e78669
66167fc8e10537e77036623a,66166581fc13ae7017ab8f69,66167c20e10537e85f4fe4b0
66167fc8e10537e77036623b,66166581fc13ae7017ab8f27,66167c20e10537e7a3c972f6
66167fc8e10537e77036623c,66166582fc13ae7017ab9066,66167c20e10537e80c7b869f
66167fc8e10537e77036623d,66166581fc13ae7017ab8f3e,66167c20e10537e73df52120
66167fc8e10537e77036623e,66166583fc13ae7017ab92bc,66167c20e10537e82b6ef78d
66167fc8e10537e77036623f,66166581fc13ae7017ab8f51,66167c20e10537e6c405f851
66167fc9e10537e770366240,66166582fc13ae7017ab90f7,66167c20e10537e752949fc5
66167fc8e10537e7c2855bab,66166582fc13ae7017ab9134,66167c20e10537e8a3bcf189
66167fc8e10537e7c2855bac,66166582fc13ae7017ab9169,66167c20e10537e6dda6cc34
66167fc8e10537e7c2855bad,66166583fc13ae7017ab91be,66167c20e10537e72c310187
66167fc8e10537e7c2855bae,66166581fc13ae7017ab8f10,66167c20e10537e6c405f851
66167fc8e10537e7c2855baf,66166581fc13ae7017ab8f4c,66167c20e10537e7c52103c9
66167fc8e10537e7c2855bb0,66166582fc13ae7017ab906f,66167c20e10537e875099c2a
66167fc8e10537e7c2855bb1,66166582fc13ae7017ab9036,66167c20e10537e7916ba1e0
66167fc8e10537e7c2855bb2,66166583fc13ae7017ab9261,66167c20e10537e841ea2dd5
66167fc8e10537e7c2855bb3,66166582fc13ae7017ab9119,66167c20e10537e7a3c972f6
66167fc8e10537e7c2855bb4,66166582fc13ae7017ab904c,66167c20e10537e82b6ef78d
66167fc8e10537e7c2855bb5,66166582fc13ae7017ab918e,66167c20e10537e7b003c74e
66167fc8e10537e7c2855bb6,66166581fc13ae7017ab8f6e,66167c20e10537e71b41aa82
66167fc8e10537e7c2855bb7,66166583fc13ae7017ab9229,66167c20e10537e73df52120
66167fc8e10537e7c2855bb8,66166583fc13ae7017ab91d2,66167c20e10537e70a816c8d
66167fc8e10537e7c2855bb9,66166582fc13ae7017ab903e,66167c20e10537e8928bbf86
66167fc8e10537e7c2855bba,66166582fc13ae7017ab9193,66167c20e10537e752949fc5
66167fc8e10537e7c2855bbb,66166582fc13ae7017ab916a,66167c20e10537e7c2855baa
66167fc8e10537e7c2855bbc,66166583fc13ae7017ab91e8,66167c20e10537e80c7b869f
66167fc8e10537e7c2855bbd,66166583fc13ae7017ab9258,66167c20e10537e6f9e78669
66167fc8e10537e7c2855bbe,66166583fc13ae7017ab9254,66167c20e10537e83cb67476
66167fc8e10537e7c2855bbf,66166583fc13ae7017ab924f,66167c20e10537e8c57ab3e8
66167fc8e10537e7c2855bc0,66166581fc13ae7017ab8f73,66167c20e10537e8b1b76003
66167fc8e10537e7c2855bc1,66166582fc13ae7017ab9048,66167c20e10537e770366221
66167fc8e10537e7c2855bc2,66166582fc13ae7017ab9044,66167c20e10537e85f4fe4b0
66167fc8e10537e7c2855bc3,66166583fc13ae7017ab91b0,66167c20e10537e6d7ef1236
66167fc8e10537e7c2855bc4,66166582fc13ae7017ab9117,66167c20e10537e7714b2053
66167fc8e10537e7c2855bc5,66166583fc13ae7017ab9251,66167c20e10537e7a67f3ebc
66167fc8e10537e7c2855bc6,66166583fc13ae7017ab9271,66167c20e10537e83e6ca509
66167fc8e10537e7c2855bc7,66166583fc13ae7017ab9254,66167c20e10537e80985c409
66167fc8e10537e7c2855bc8,66166582fc13ae7017ab9041,66167c20e10537e72c310187
66167fc9e10537e7c2855bc9,66166583fc13ae7017ab91ff,66167c20e10537e7714b2053
66167fc8e10537e841ea2dd6,66166581fc13ae7017ab8f16,66167c20e10537e70a816c8d
66167fc8e10537e841ea2dd7,66166581fc13ae7017ab8f4c,66167c20e10537e71b41aa82
66167fc8e10537e841ea2dd8,66166582fc13ae7017ab902e,66167c20e10537e6dda6cc34
66167fc8e10537e841ea2dd9,66166582fc13ae7017ab90a8,66167c20e10537e83cb67476
66167fc8e10537e841ea2dda,66166582fc13ae7017ab915b,66167c20e10537e8b1b76003
66167fc8e10537e841ea2ddb,66166582fc13ae7017ab915a,66167c20e10537e770366221
66167fc8e10537e841ea2ddc,66166582fc13ae7017ab914e,66167c20e10537e7a67f3ebc
66167fc8e10537e841ea2ddd,66166583fc13ae7017ab9201,66167c20e10537e8c57ab3e8
66167fc8e10537e841ea2dde,66166583fc13ae7017ab91f2,66167c20e10537e8928bbf86
66167fc8e10537e841ea2ddf,66166582fc13ae7017ab90ce,66167c20e10537e7c2855baa
66167fc8e10537e841ea2de0,66166581fc13ae7017ab8f37,66167c20e10537e875099c2a
66167fc8e10537e841ea2de1,66166581fc13ae7017ab8fc9,66167c20e10537e80985c409
66167fc8e10537e841ea2de2,66166581fc13ae7017ab8fae,66167c20e10537e83e6ca509
66167fc8e10537e841ea2de3,66166582fc13ae7017ab9071,66167c20e10537e6c405f851
66167fc8e10537e841ea2de4,66166582fc13ae7017ab909c,66167c20e10537e80c7b869f
66167fc8e10537e841ea2de5,66166582fc13ae7017ab90f9,66167c20e10537e73df52120
66167fc8e10537e841ea2de6,66166581fc13ae7017ab9001,66167c20e10537e8a3bcf189
66167fc8e10537e841ea2de7,66166581fc13ae7017ab8fb3,66167c20e10537e841ea2dd5
66167fc8e10537e841ea2de8,66166582fc13ae7017ab90a6,66167c20e10537e752949fc5
66167fc8e10537e841ea2de9,66166583fc13ae7017ab9232,66167c20e10537e85f4fe4b0
66167fc8e10537e841ea2dea,66166583fc13ae7017ab91be,66167c20e10537e6d7ef1236
66167fc8e10537e841ea2deb,66166581fc13ae7017ab8fed,66167c20e10537e6f9e78669
66167fc8e10537e841ea2dec,66166582fc13ae7017ab911b,66167c20e10537e7c52103c9
66167fc8e10537e841ea2ded,66166581fc13ae7017ab8f8f,66167c20e10537e7b003c74e
66167fc8e10537e841ea2dee,66166582fc13ae7017ab902b,66167c20e10537e7a3c972f6
66167fc8e10537e841ea2def,66166582fc13ae7017ab90ab,66167c20e10537e7714b2053
66167fc8e10537e841ea2df0,66166582fc13ae7017ab9064,66167c20e10537e72c310187
66167fc8e10537e841ea2df1,66166582fc13ae7017ab902c,66167c20e10537e7916ba1e0
66167fc8e10537e841ea2df2,66166583fc13ae7017ab9233,66167c20e10537e82b6ef78d
66167fc8e10537e841ea2df3,66166582fc13ae7017ab9187,66167c20e10537e7a67f3ebc
66167fc9e10537e841ea2df4,66166581fc13ae7017ab8ff0,66167c20e10537e7714b2053
66167fc7e10537e7a67f3ebd,66166582fc13ae7017ab9049,66167c20e10537e7a67f3ebc
66167fc8e10537e7a67f3ebe,66166582fc13ae7017ab9161,66167c20e10537e8c57ab3e8
66167fc8e10537e7a67f3ebf,66166581fc13ae7017ab8fdb,66167c20e10537e6d7ef1236
66167fc8e10537e7a67f3ec0,66166582fc13ae7017ab907d,66167c20e10537e73df52120
66167fc8e10537e7a67f3ec1,66166581fc13ae7017ab9023,66167c20e10537e6f9e78669
66167fc8e10537e7a67f3ec2,66166582fc13ae7017ab9143,66167c20e10537e80985c409
66167fc8e10537e7a67f3ec3,66166583fc13ae7017ab92bd,66167c20e10537e85f4fe4b0
66167fc8e10537e7a67f3ec4,66166583fc13ae7017ab91c9,66167c20e10537e6dda6cc34
66167fc8e10537e7a67f3ec5,66166582fc13ae7017ab9084,66167c20e10537e71b41aa82
66167fc8e10537e7a67f3ec6,66166581fc13ae7017ab8fca,66167c20e10537e7916ba1e0
66167fc8e10537e7a67f3ec7,66166582fc13ae7017ab9119,66167c20e10537e7a3c972f6
66167fc8e10537e7a67f3ec8,66166583fc13ae7017ab9206,66167c20e10537e841ea2dd5
66167fc8e10537e7a67f3ec9,66166583fc13ae7017ab91e8,66167c20e10537e7b003c74e
66167fc8e10537e7a67f3eca,66166583fc13ae7017ab92af,66167c20e10537e752949fc5
66167fc8e10537e7a67f3ecb,66166581fc13ae7017ab8ff7,66167c20e10537e82b6ef78d
66167fc8e10537e7a67f3ecc,66166582fc13ae7017ab918d,66167c20e10537e875099c2a
66167fc8e10537e7a67f3ecd,66166581fc13ae7017ab8f1b,66167c20e10537e70a816c8d
66167fc8e10537e7a67f3ece,66166582fc13ae7017ab90c9,66167c20e10537e770366221
66167fc8e10537e7a67f3ecf,66166582fc13ae7017ab9056,66167c20e10537e7714b2053
66167fc8e10537e7a67f3ed0,66166582fc13ae7017ab912a,66167c20e10537e8a3bcf189
66167fc8e10537e7a67f3ed1,66166582fc13ae7017ab905e,66167c20e10537e80c7b869f
66167fc8e10537e7a67f3ed2,66166582fc13ae7017ab915c,66167c20e10537e8928bbf86
66167fc8e10537e7a67f3ed3,66166583fc13ae7017ab9287,66167c20e10537e83cb67476
66167fc8e10537e7a67f3ed4,66166582fc13ae7017ab912d,66167c20e10537e6c405f851
66167fc8e10537e7a67f3ed5,66166581fc13ae7017ab8ff8,66167c20e10537e72c310187
66167fc8e10537e7a67f3ed6,66166581fc13ae7017ab900a,66167c20e10537e83e6ca509
66167fc8e10537e7a67f3ed7,66166583fc13ae7017ab91b0,66167c20e10537e7c52103c9
66167fc8e10537e7a67f3ed8,66166581fc13ae7017ab8f45,66167c20e10537e7c2855baa
66167fc8e10537e7a67f3ed9,66166581fc13ae7017ab8f9f,66167c20e10537e8b1b76003
66167fc8e10537e7a67f3eda,66166583fc13ae7017ab92a8,66167c20e10537e71b41aa82
66167fc9e10537e7a67f3edb,66166581fc13ae7017ab8fe3,66167c20e10537e8b1b76003
66167fc7e10537e82b6ef78e,66166581fc13ae7017ab8fe2,66167c20e10537e8b1b76003
66167fc8e10537e82b6ef78f,66166582fc13ae7017ab9149,66167c20e10537e7714b2053
66167fc8e10537e82b6ef790,66166583fc13ae7017ab91c7,66167c20e10537e7916ba1e0
66167fc8e10537e82b6ef791,66166583fc13ae7017ab91c0,66167c20e10537e6d7ef1236
66167fc8e10537e82b6ef792,66166582fc13ae7017ab90d6,66167c20e10537e72c310187
66167fc8e10537e82b6ef793,66166583fc13ae7017ab9282,66167c20e10537e7a67f3ebc
66167fc8e10537e82b6ef794,66166582fc13ae7017ab9132,66167c20e10537e7b003c74e
66167fc8e10537e82b6ef795,66166582fc13ae7017ab9136,66167c20e10537e80985c409
66167fc8e10537e82b6ef796,66166582fc13ae7017ab911a,66167c20e10537e770366221
66167fc8e10537e82b6ef797,66166582fc13ae7017ab9166,66167c20e10537e7c2855baa
66167fc8e10537e82b6ef798,66166583fc13ae7017ab9228,66167c20e10537e83cb67476
66167fc8e10537e82b6ef799,66166582fc13ae7017ab9112,66167c20e10537e841ea2dd5
66167fc8e10537e82b6ef79a,66166582fc13ae7017ab9158,66167c20e10537e6f9e78669
66167fc8e10537e82b6ef79b,66166582fc13ae7017ab918f,66167c20e10537e7a3c972f6
66167fc8e10537e82b6ef79c,66166582fc13ae7017ab9172,66167c20e10537e8c57ab3e8
66167fc8e10537e82b6ef79d,66166582fc13ae7017ab9086,66167c20e10537e80c7b869f
66167fc8e10537e82b6ef79e,66166581fc13ae7017ab8fc4,66167c20e10537e6c405f851
66167fc8e10537e82b6ef79f,66166582fc13ae7017ab9123,66167c20e10537e8a3bcf189
66167fc8e10537e82b6ef7a0,66166581fc13ae7017ab8f2e,66167c20e10537e71b41aa82
66167fc8e10537e82b6ef7a1,66166582fc13ae7017ab90e8,66167c20e10537e8928bbf86
66167fc8e10537e82b6ef7a2,66166582fc13ae7017ab90ba,66167c20e10537e83e6ca509
66167fc8e10537e82b6ef7a3,66166582fc13ae7017ab914b,66167c20e10537e875099c2a
66167fc8e10537e82b6ef7a4,66166581fc13ae7017ab8f22,66167c20e10537e70a816c8d
66167fc8e10537e82b6ef7a5,66166582fc13ae7017ab9183,66167c20e10537e85f4fe4b0
66167fc8e10537e82b6ef7a6,66166583fc13ae7017ab91eb,66167c20e10537e73df52120
66167fc8e10537e82b6ef7a7,66166582fc13ae7017ab9028,66167c20e10537e752949fc5
66167fc8e10537e82b6ef7a8,66166583fc13ae7017ab9222,66167c20e10537e6dda6cc34
66167fc8e10537e82b6ef7a9,66166583fc13ae7017ab9281,66167c20e10537e82b6ef78d
66167fc8e10537e82b6ef7aa,66166583fc13ae7017ab9213,66167c20e10537e7c52103c9
66167fc8e10537e82b6ef7ab,66166582fc13ae7017ab9067,66167c20e10537e875099c2a
66167fc9e10537e82b6ef7ac,66166583fc13ae7017ab9261,66167c20e10537e72c310187
66167fc7e10537e80c7b86a0,66166582fc13ae7017ab908f,66167c20e10537e83e6ca509
66167fc8e10537e80c7b86a1,66166582fc13ae7017ab915d,66167c20e10537e7a3c972f6
66167fc8e10537e80c7b86a2,66166581fc13ae7017ab8fe0,66167c20e10537e7714b2053
66167fc8e10537e80c7b86a3,66166581fc13ae7017ab8fb0,66167c20e10537e7916ba1e0
66167fc8e10537e80c7b86a4,66166583fc13ae7017ab9235,66167c20e10537e8928bbf86
66167fc8e10537e80c7b86a5,66166581fc13ae7017ab8fda,66167c20e10537e85f4fe4b0
66167fc8e10537e80c7b86a6,66166583fc13ae7017ab91fb,66167c20e10537e770366221
66167fc8e10537e80c7b86a7,66166581fc13ae7017ab8f0a,66167c20e10537e6d7ef1236
66167fc8e10537e80c7b86a8,66166582fc13ae7017ab9100,66167c20e10537e8a3bcf189
66167fc8e10537e80c7b86a9,66166582fc13ae7017ab9070,66167c20e10537e8c57ab3e8
66167fc8e10537e80c7b86aa,66166581fc13ae7017ab8f62,66167c20e10537e73df52120
66167fc8e10537e80c7b86ab,66166581fc13ae7017ab900e,66167c20e10537e841ea2dd5
66167fc8e10537e80c7b86ac,66166581fc13ae7017ab8fd6,66167c20e10537e7a67f3ebc
66167fc8e10537e80c7b86ad,66166582fc13ae7017ab90fb,66167c20e10537e80985c409
66167fc8e10537e80c7b86ae,66166583fc13ae7017ab9288,66167c20e10537e83cb67476
66167fc8e10537e80c7b86af,66166582fc13ae7017ab918b,66167c20e10537e6f9e78669
66167fc8e10537e80c7b86b0,66166581fc13ae7017ab901b,66167c20e10537e875099c2a
66167fc8e10537e80c7b86b1,66166582fc13ae7017ab9196,66167c20e10537e8b1b76003
66167fc8e10537e80c7b86b2,66166582fc13ae7017ab917f,66167c20e10537e71b41aa82
66167fc8e10537e80c7b86b3,66166583fc13ae7017ab92a6,66167c20e10537e7c2855baa
66167fc8e10537e80c7b86b4,66166582fc13ae7017ab915c,66167c20e10537e70a816c8d
66167fc8e10537e80c7b86b5,66166582fc13ae7017ab90fe,66167c20e10537e72c310187
66167fc8e10537e80c7b86b6,66166583fc13ae7017ab92e2,66167c20e10537e7b003c74e
66167fc8e10537e80c7b86b7,66166583fc13ae7017ab9215,66167c20e10537e752949fc5
66167fc8e10537e80c7b86b8,66166583fc13ae7017ab92c1,66167c20e10537e6dda6cc34
66167fc8e10537e80c7b86b9,66166583fc13ae7017ab92d7,66167c20e10537e80c7b869f
66167fc8e10537e80c7b86ba,66166583fc13ae7017ab927d,66167c20e10537e7c52103c9
66167fc8e10537e80c7b86bb,66166581fc13ae7017ab8ffa,66167c20e10537e6c405f851
66167fc8e10537e80c7b86bc,66166582fc13ae7017ab90ff,66167c20e10537e82b6ef78d
66167fc8e10537e80c7b86bd,66166581fc13ae7017ab8fe0,66167c20e10537e73df52120
66167fc9e10537e80c7b86be,66166583fc13ae7017ab91a8,66167c20e10537e83cb67476
66167fc7e10537e7b003c74f,66166581fc13ae7017ab8f9d,66167c20e10537e7c52103c9
66167fc8e10537e7b003c750,66166581fc13ae7017ab8f85,66167c20e10537e72c310187
66167fc8e10537e7b003c751,66166583fc13ae7017ab91a1,66167c20e10537e875099c2a
66167fc8e10537e7b003c752,66166582fc13ae7017ab9127,66167c20e10537e83cb67476
66167fc8e10537e7b003c753,66166583fc13ae7017ab91be,66167c20e10537e7a3c972f6
66167fc8e10537e7b003c754,66166583fc13ae7017ab92a2,66167c20e10537e83e6ca509
66167fc8e10537e7b003c755,66166582fc13ae7017ab905d,66167c20e10537e8928bbf86
66167fc8e10537e7b003c756,66166583fc13ae7017ab91e4,66167c20e10537e7714b2053
66167fc8e10537e7b003c757,66166581fc13ae7017ab8f92,66167c20e10537e7b003c74e
66167fc8e10537e7b003c758,66166583fc13ae7017ab9267,66167c20e10537e841ea2dd5
66167fc8e10537e7b003c759,66166581fc13ae7017ab8f50,66167c20e10537e71b41aa82
66167fc8e10537e7b003c75a,66166582fc13ae7017ab9149,66167c20e10537e7916ba1e0
66167fc8e10537e7b003c75b,66166583fc13ae7017ab929f,66167c20e10537e6f9e78669
66167fc8e10537e7b003c75c,66166581fc13ae7017ab8f54,66167c20e10537e752949fc5
66167fc8e10537e7b003c75d,66166581fc13ae7017ab8f4a,66167c20e10537e8a3bcf189
66167fc8e10537e7b003c75e,66166582fc13ae7017ab90c5,66167c20e10537e6d7ef1236
66167fc8e10537e7b003c75f,66166581fc13ae7017ab8fd9,66167c20e10537e8c57ab3e8
66167fc8e10537e7b003c760,66166582fc13ae7017ab905c,66167c20e10537e85f4fe4b0
66167fc8e10537e7b003c761,66166583fc13ae7017ab91db,66167c20e10537e8b1b76003
66167fc8e10537e7b003c762,66166582fc13ae7017ab9049,66167c20e10537e7c2855baa
66167fc8e10537e7b003c763,66166582fc13ae7017ab90ac,66167c20e10537e80985c409
66167fc8e10537e7b003c764,66166581fc13ae7017ab8f7d,66167c20e10537e7a67f3ebc
66167fc8e10537e7b003c765,66166582fc13ae7017ab9067,66167c20e10537e770366221
66167fc8e10537e7b003c766,66166581fc13ae7017ab8f2f,66167c20e10537e70a816c8d
66167fc8e10537e7b003c767,66166581fc13ae7017ab8f9c,66167c20e10537e80c7b869f
66167fc8e10537e7b003c768,66166583fc13ae7017ab9227,66167c20e10537e6c405f851
66167fc8e10537e7b003c769,66166581fc13ae7017ab8f4b,66167c20e10537e73df52120
66167fc8e10537e7b003c76a,66166582fc13ae7017ab90dd,66167c20e10537e6dda6cc34
66167fc8e10537e7b003c76b,66166583fc13ae7017ab92ce,66167c20e10537e82b6ef78d
66167fc8e10537e7b003c76c,66166581fc13ae7017ab9014,66167c20e10537e71b41aa82
66167fc9e10537e7b003c76d,66166581fc13ae7017ab8f6a,66167c20e10537e73df52120
66167fc7e10537e875099c2b,66166581fc13ae7017ab8f7d,66167c20e10537e85f4fe4b0
66167fc8e10537e875099c2c,66166582fc13ae7017ab9031,66167c20e10537e7a67f3ebc
66167fc8e10537e875099c2d,66166582fc13ae7017ab906c,66167c20e10537e7714b2053
66167fc8e10537e875099c2e,66166583fc13ae7017ab928f,66167c20e10537e80985c409
66167fc8e10537e875099c2f,66166583fc13ae7017ab92d9,66167c20e10537e71b41aa82
66167fc8e10537e875099c30,66166583fc13ae7017ab91b2,66167c20e10537e73df52120
66167fc8e10537e875099c31,66166581fc13ae7017ab8f11,66167c20e10537e83cb67476
66167fc8e10537e875099c32,66166581fc13ae7017ab9023,66167c20e10537e6f9e78669
66167fc8e10537e875099c33,66166581fc13ae7017ab8f9d,66167c20e10537e770366221
66167fc8e10537e875099c34,66166583fc13ae7017ab92c8,66167c20e10537e7916ba1e0
66167fc8e10537e875099c35,66166583fc13ae7017ab91ba,66167c20e10537e7c52103c9
66167fc8e10537e875099c36,66166583fc13ae7017ab91d1,66167c20e10537e83e6ca509
66167fc8e10537e875099c37,66166581fc13ae7017ab8f5a,66167c20e10537e7b003c74e
66167fc8e10537e875099c38,66166582fc13ae7017ab9196,66167c20e10537e875099c2a
66167fc8e10537e875099c39,66166583fc13ae7017ab9205,66167c20e10537e72c310187
66167fc8e10537e875099c3a,66166581fc13ae7017ab9003,66167c20e10537e6d7ef1236
66167fc8e10537e875099c3b,66166581fc13ae7017ab8f8b,66167c20e10537e6dda6cc34
66167fc8e10537e875099c3c,66166581fc13ae7017ab8f63,66167c20e10537e8b1b76003
66167fc8e10537e875099c3d,66166583fc13ae7017ab9232,66167c20e10537e70a816c8d
66167fc8e10537e875099c3e,66166581fc13ae7017ab8f73,66167c20e10537e8a3bcf189
66167fc8e10537e875099c3f,66166581fc13ae7017ab9023,66167c20e10537e8928bbf86
66167fc8e10537e875099c40,66166582fc13ae7017ab90bb,66167c20e10537e80c7b869f
66167fc8e10537e875099c41,66166581fc13ae7017ab8f6c,66167c20e10537e6c405f851
66167fc8e10537e875099c42,66166582fc13ae7017ab9053,66167c20e10537e752949fc5
66167fc8e10537e875099c43,66166582fc13ae7017ab9063,66167c20e10537e7a3c972f6
66167fc8e10537e875099c44,66166583fc13ae7017ab91e4,66167c20e10537e8c57ab3e8
66167fc8e10537e875099c45,66166581fc13ae7017ab8f52,66167c20e10537e7c2855baa
66167fc8e10537e875099c46,66166583fc13ae7017ab91b7,66167c20e10537e841ea2dd5
66167fc8e10537e875099c47,66166583fc13ae7017ab9247,66167c20e10537e82b6ef78d
66167fc8e10537e875099c48,66166581fc13ae7017ab8f15,66167c20e10537e875099c2a
66167fc9e10537e875099c49,66166582fc13ae7017ab909f,66167c20e10537e73df52120
66167fc8e10537e752949fc6,66166582fc13ae7017ab908d,66167c20e10537e7c52103c9
66167fc8e10537e752949fc7,66166582fc13ae7017ab911b,66167c20e10537e752949fc5
66167fc8e10537e752949fc8,66166581fc13ae7017ab8ff0,66167c20e10537e80c7b869f
66167fc8e10537e752949fc9,66166583fc13ae7017ab91c5,66167c20e10537e841ea2dd5
66167fc8e10537e752949fca,66166582fc13ae7017ab912d,66167c20e10537e7a67f3ebc
66167fc8e10537e752949fcb,66166583fc13ae7017ab91ba,66167c20e10537e73df52120
66167fc8e10537e752949fcc,66166582fc13ae7017ab9080,66167c20e10537e71b41aa82
66167fc8e10537e752949fcd,66166581fc13ae7017ab8fd4,66167c20e10537e72c310187
66167fc8e10537e752949fce,66166582fc13ae7017ab9103,66167c20e10537e8c57ab3e8
66167fc8e10537e752949fcf,66166581fc13ae7017ab8f46,66167c20e10537e6d7ef1236
66167fc8e10537e752949fd0,66166581fc13ae7017ab9000,66167c20e10537e8b1b76003
66167fc8e10537e752949fd1,66166581fc13ae7017ab8f0a,66167c20e10537e70a816c8d
66167fc8e10537e752949fd2,66166583fc13ae7017ab9281,66167c20e10537e6c405f851
66167fc8e10537e752949fd3,66166583fc13ae7017ab92ca,66167c20e10537e8a3bcf189
66167fc8e10537e752949fd4,66166582fc13ae7017ab9083,66167c20e10537e770366221
66167fc8e10537e752949fd5,66166582fc13ae7017ab9185,66167c20e10537e6f9e78669
66167fc8e10537e752949fd6,66166583fc13ae7017ab9209,66167c20e10537e7b003c74e
66167fc8e10537e752949fd7,66166583fc13ae7017ab91c6,66167c20e10537e6dda6cc34
66167fc8e10537e752949fd8,66166583fc13ae7017ab91fc,66167c20e10537e85f4fe4b0
66167fc8e10537e752949fd9,66166583fc13ae7017ab91b7,66167c20e10537e7a3c972f6
66167fc8e10537e752949fda,66166582fc13ae7017ab9119,66167c20e10537e8928bbf86
66167fc8e10537e752949fdb,66166582fc13ae7017ab9055,66167c20e10537e7714b2053
66167fc8e10537e752949fdc,66166583fc13ae7017ab9199,66167c20e10537e82b6ef78d
66167fc8e10537e752949fdd,66166582fc13ae7017ab9121,66167c20e10537e7916ba1e0
66167fc8e10537e752949fde,66166583fc13ae7017ab91f6,66167c20e10537e875099c2a
66167fc8e10537e752949fdf,66166582fc13ae7017ab90bb,66167c20e10537e83cb67476
66167fc8e10537e752949fe0,66166582fc13ae7017ab9096,66167c20e10537e83e6ca509
66167fc8e10537e752949fe1,66166581fc13ae7017ab8f2f,66167c20e10537e7c2855baa
66167fc8e10537e752949fe2,66166583fc13ae7017ab92ef,66167c20e10537e80985c409
66167fc8e10537e752949fe3,66166582fc13ae7017ab9064,66167c20e10537e7c52103c9
66167fc9e10537e752949fe4,66166583fc13ae7017ab922c,66167c20e10537e80985c409
66167fc8e10537e6d7ef1237,66166583fc13ae7017ab92b2,66167c20e10537e770366221
66167fc8e10537e6d7ef1238,66166583fc13ae7017ab9217,66167c20e10537e6dda6cc34
66167fc8e10537e6d7ef1239,66166583fc13ae7017ab91f9,66167c20e10537e8c57ab3e8
66167fc8e10537e6d7ef123a,66166583fc13ae7017ab91ce,66167c20e10537e80c7b869f
66167fc8e10537e6d7ef123b,66166582fc13ae7017ab910c,66167c20e10537e752949fc5
66167fc8e10537e6d7ef123c,66166582fc13ae7017ab914e,66167c20e10537e7c2855baa
66167fc8e10537e6d7ef123d,66166582fc13ae7017ab90f8,66167c20e10537e72c310187
66167fc8e10537e6d7ef123e,66166582fc13ae7017ab90b9,66167c20e10537e8a3bcf189
66167fc8e10537e6d7ef123f,66166581fc13ae7017ab8fa1,66167c20e10537e7a67f3ebc
66167fc8e10537e6d7ef1240,66166581fc13ae7017ab8ffd,66167c20e10537e875099c2a
66167fc8e10537e6d7ef1241,66166582fc13ae7017ab90e1,66167c20e10537e83e6ca509
66167fc8e10537e6d7ef1242,66166583fc13ae7017ab91fd,66167c20e10537e85f4fe4b0
66167fc8e10537e6d7ef1243,66166582fc13ae7017ab909e,66167c20e10537e70a816c8d
66167fc8e10537e6d7ef1244,66166581fc13ae7017ab8f7c,66167c20e10537e7714b2053
66167fc8e10537e6d7ef1245,66166582fc13ae7017ab904c,66167c20e10537e841ea2dd5
66167fc8e10537e6d7ef1246,66166582fc13ae7017ab90c0,66167c20e10537e82b6ef78d
66167fc8e10537e6d7ef1247,66166581fc13ae7017ab901b,66167c20e10537e71b41aa82
66167fc8e10537e6d7ef1248,66166582fc13ae7017ab904f,66167c20e10537e7a3c972f6
66167fc8e10537e6d7ef1249,66166582fc13ae7017ab9082,66167c20e10537e6f9e78669
66167fc8e10537e6d7ef124a,66166583fc13ae7017ab92a8,66167c20e10537e73df52120
66167fc8e10537e6d7ef124b,66166582fc13ae7017ab9148,66167c20e10537e8b1b76003
66167fc8e10537e6d7ef124c,66166582fc13ae7017ab9088,66167c20e10537e6c405f851
66167fc8e10537e6d7ef124d,66166581fc13ae7017ab8fd5,66167c20e10537e7c52103c9
66167fc8e10537e6d7ef124e,66166581fc13ae7017ab9007,66167c20e10537e7916ba1e0
66167fc8e10537e6d7ef124f,66166583fc13ae7017ab92ec,66167c20e10537e8928bbf86
66167fc8e10537e6d7ef1250,66166583fc13ae7017ab92c1,66167c20e10537e7b003c74e
66167fc8e10537e6d7ef1251,66166583fc13ae7017ab91f9,66167c20e10537e83cb67476
66167fc8e10537e6d7ef1252,66166582fc13ae7017ab9068,66167c20e10537e80985c409
66167fc8e10537e6d7ef1253,66166582fc13ae7017ab911b,66167c20e10537e6d7ef1236
66167fc8e10537e6d7ef1254,66166582fc13ae7017ab915d,66167c20e10537e7c2855baa
66167fc9e10537e6d7ef1255,66166582fc13ae7017ab903e,66167c20e10537e85f4fe4b0
66167fc8e10537e6dda6cc35,66166583fc13ae7017ab91aa,66167c20e10537e875099c2a
66167fc8e10537e6dda6cc36,66166582fc13ae7017ab9177,66167c20e10537e6c405f851
66167fc8e10537e6dda6cc37,66166581fc13ae7017ab8f79,66167c20e10537e71b41aa82
66167fc8e10537e6dda6cc38,66166581fc13ae7017ab8f3f,66167c20e10537e82b6ef78d
66167fc8e10537e6dda6cc39,66166583fc13ae7017ab9230,66167c20e10537e72c310187
66167fc8e10537e6dda6cc3a,66166582fc13ae7017ab90a7,66167c20e10537e85f4fe4b0
66167fc8e10537e6dda6cc3b,66166582fc13ae7017ab9165,66167c20e10537e7916ba1e0
66167fc8e10537e6dda6cc3c,66166582fc13ae7017ab915a,66167c20e10537e7c52103c9
66167fc8e10537e6dda6cc3d,66166583fc13ae7017ab91f4,66167c20e10537e7714b2053
66167fc8e10537e6dda6cc3e,66166581fc13ae7017ab8f5b,66167c20e10537e73df52120
66167fc8e10537e6dda6cc3f,66166583fc13ae7017ab92ec,66167c20e10537e6d7ef1236
66167fc8e10537e6dda6cc40,66166582fc13ae7017ab9130,66167c20e10537e7a67f3ebc
66167fc8e10537e6dda6cc41,66166582fc13ae7017ab9160,66167c20e10537e83e6ca509
66167fc8e10537e6dda6cc42,66166583fc13ae7017ab9207,66167c20e10537e841ea2dd5
66167fc8e10537e6dda6cc43,66166583fc13ae7017ab9209,66167c20e10537e7b003c74e
66167fc8e10537e6dda6cc44,66166581fc13ae7017ab8f5e,66167c20e10537e6dda6cc34
66167fc8e10537e6dda6cc45,66166582fc13ae7017ab9186,66167c20e10537e770366221
66167fc8e10537e6dda6cc46,66166583fc13ae7017ab91dd,66167c20e10537e7c2855baa
66167fc8e10537e6dda6cc47,66166581fc13ae7017ab8f6a,66167c20e10537e83cb67476
66167fc8e10537e6dda6cc48,66166583fc13ae7017ab91b9,66167c20e10537e8c57ab3e8
66167fc8e10537e6dda6cc49,66166582fc13ae7017ab9114,66167c20e10537e80c7b869f
66167fc8e10537e6dda6cc4a,66166582fc13ae7017ab9070,66167c20e10537e752949fc5
66167fc8e10537e6dda6cc4b,66166582fc13ae7017ab9100,66167c20e10537e80985c409
66167fc8e10537e6dda6cc4c,66166583fc13ae7017ab91d1,66167c20e10537e8a3bcf189
66167fc8e10537e6dda6cc4d,66166582fc13ae7017ab90d5,66167c20e10537e8b1b76003
66167fc8e10537e6dda6cc4e,66166583fc13ae7017ab9200,66167c20e10537e8928bbf86
66167fc8e10537e6dda6cc4f,66166583fc13ae7017ab92a6,66167c20e10537e7a3c972f6
66167fc8e10537e6dda6cc50,66166581fc13ae7017ab9013,66167c20e10537e70a816c8d
66167fc8e10537e6dda6cc51,66166583fc13ae7017ab92b1,66167c20e10537e6f9e78669
66167fc8e10537e6dda6cc52,66166581fc13ae7017ab8f2d,66167c20e10537e72c310187
66167fc9e10537e6dda6cc53,66166583fc13ae7017ab91b4,66167c20e10537e6f9e78669
66167fc8e10537e7714b2054,66166582fc13ae7017ab9172,66167c20e10537e7a67f3ebc
66167fc8e10537e7714b2055,66166582fc13ae7017ab9157,66167c20e10537e8c57ab3e8
66167fc8e10537e7714b2056,66166583fc13ae7017ab92a7,66167c20e10537e83cb67476
66167fc8e10537e7714b2057,66166581fc13ae7017ab8f50,66167c20e10537e841ea2dd5
66167fc8e10537e7714b2058,66166582fc13ae7017ab915f,66167c20e10537e7b003c74e
66167fc8e10537e7714b2059,66166582fc13ae7017ab9045,66167c20e10537e6d7ef1236
66167fc8e10537e7714b205a,66166582fc13ae7017ab9173,66167c20e10537e70a816c8d
66167fc8e10537e7714b205b,66166581fc13ae7017ab8f4f,66167c20e10537e7a3c972f6
66167fc8e10537e7714b205c,66166583fc13ae7017ab9287,66167c20e10537e875099c2a
66167fc8e10537e7714b205d,66166583fc13ae7017ab92e2,66167c20e10537e6f9e78669
66167fc8e10537e7714b205e,66166583fc13ae7017ab9294,66167c20e10537e752949fc5
66167fc8e10537e7714b205f,66166583fc13ae7017ab91b3,66167c20e10537e6c405f851
66167fc8e10537e7714b2060,66166583fc13ae7017ab91a1,66167c20e10537e7c2855baa
66167fc8e10537e7714b2061,66166582fc13ae7017ab903f,66167c20e10537e83e6ca509
66167fc8e10537e7714b2062,66166581fc13ae7017ab900d,66167c20e10537e8928bbf86
66167fc8e10537e7714b2063,66166581fc13ae7017ab8f17,66167c20e10537e85f4fe4b0
66167fc8e10537e7714b2064,66166582fc13ae7017ab908d,66167c20e10537e7c52103c9
66167fc8e10537e7714b2065,66166581fc13ae7017ab8fae,66167c20e10537e8a3bcf189
66167fc8e10537e7714b2066,66166583fc13ae7017ab9276,66167c20e10537e72c310187
66167fc8e10537e7714b2067,66166583fc13ae7017ab92da,66167c20e10537e73df52120
66167fc8e10537e7714b2068,66166583fc13ae7017ab9296,66167c20e10537e71b41aa82
66167fc8e10537e7714b2069,66166583fc13ae7017ab91c8,66167c20e10537e7916ba1e0
66167fc8e10537e7714b206a,66166582fc13ae7017ab9147,66167c20e10537e80985c409
66167fc8e10537e7714b206b,66166583fc13ae7017ab9237,66167c20e10537e6dda6cc34
66167fc8e10537e7714b206c,66166582fc13ae7017ab9170,66167c20e10537e770366221
66167fc8e10537e7714b206d,66166582fc13ae7017ab9193,66167c20e10537e82b6ef78d
66167fc8e10537e7714b206e,66166582fc13ae7017ab908f,66167c20e10537e7714b2053
66167fc8e10537e7714b206f,66166581fc13ae7017ab8f69,66167c20e10537e8b1b76003
66167fc8e10537e7714b2070,66166582fc13ae7017ab90c5,66167c20e10537e80c7b869f
66167fc8e10537e7714b2071,66166582fc13ae7017ab916f,66167c20e10537e7a3c972f6
66167fc8e10537e7714b2072,66166581fc13ae7017ab8fdd,66167c20e10537e6c405f851
66167fc8e10537e72c310188,66166582fc13ae7017ab916a,66167c20e10537e7a3c972f6
66167fc8e10537e72c310189,66166581fc13ae7017ab8f33,66167c20e10537e8b1b76003
66167fc8e10537e72c31018a,66166582fc13ae7017ab9060,66167c20e10537e70a816c8d
66167fc8e10537e72c31018b,66166583fc13ae7017ab91f6,66167c20e10537e71b41aa82
66167fc8e10537e72c31018c,66166581fc13ae7017ab8ff9,66167c20e10537e80c7b869f
66167fc8e10537e72c31018d,66166583fc13ae7017ab9225,66167c20e10537e6d7ef1236
66167fc8e10537e72c31018e,66166582fc13ae7017ab90a0,66167c20e10537e770366221
66167fc8e10537e72c31018f,66166583fc13ae7017ab92cd,66167c20e10537e875099c2a
66167fc8e10537e72c310190,66166583fc13ae7017ab9244,66167c20e10537e83e6ca509
66167fc8e10537e72c310191,66166581fc13ae7017ab8f66,66167c20e10537e80985c409
66167fc8e10537e72c310192,66166583fc13ae7017ab91db,66167c20e10537e73df52120
66167fc8e10537e72c310193,66166581fc13ae7017ab8f21,66167c20e10537e82b6ef78d
66167fc8e10537e72c310194,66166581fc13ae7017ab8f37,66167c20e10537e7714b2053
66167fc8e10537e72c310195,66166582fc13ae7017ab90ac,66167c20e10537e752949fc5
66167fc8e10537e72c310196,66166582fc13ae7017ab912c,66167c20e10537e85f4fe4b0
66167fc8e10537e72c310197,66166583fc13ae7017ab91ee,66167c20e10537e7c2855baa
66167fc8e10537e72c310198,66166581fc13ae7017ab8f1b,66167c20e10537e83cb67476
66167fc8e10537e72c310199,66166583fc13ae7017ab9246,66167c20e10537e8c57ab3e8
66167fc8e10537e72c31019a,66166582fc13ae7017ab918a,66167c20e10537e8a3bcf189
66167fc8e10537e72c31019b,66166583fc13ae7017ab928f,66167c20e10537e6c405f851
66167fc8e10537e72c31019c,66166582fc13ae7017ab9188,66167c20e10537e7916ba1e0
66167fc8e10537e72c31019d,66166582fc13ae7017ab90a8,66167c20e10537e7a67f3ebc
66167fc8e10537e72c31019e,66166581fc13ae7017ab9003,66167c20e10537e6f9e78669
66167fc8e10537e72c31019f,66166581fc13ae7017ab8fc1,66167c20e10537e8928bbf86
66167fc8e10537e72c3101a0,66166583fc13ae7017ab91f0,66167c20e10537e7c52103c9
66167fc8e10537e72c3101a1,66166583fc13ae7017ab922d,66167c20e10537e7b003c74e
66167fc8e10537e72c3101a2,66166583fc13ae7017ab91a5,66167c20e10537e6dda6cc34
66167fc8e10537e72c3101a3,66166582fc13ae7017ab9130,66167c20e10537e841ea2dd5
66167fc8e10537e72c3101a4,66166583fc13ae7017ab91fa,66167c20e10537e72c310187
66167fc8e10537e72c3101a5,66166582fc13ae7017ab905e,66167c20e10537e7c2855baa
66167fc8e10537e72c3101a6,66166582fc13ae7017ab90a3,66167c20e10537e7714b2053
66167fc8e10537e6f9e7866a,66166582fc13ae7017ab9122,66167c20e10537e6dda6cc34
66167fc8e10537e6f9e7866b,66166581fc13ae7017ab8f51,66167c20e10537e875099c2a
66167fc8e10537e6f9e7866c,66166582fc13ae7017ab912a,66167c20e10537e72c310187
66167fc8e10537e6f9e7866d,66166582fc13ae7017ab9063,66167c20e10537e7c2855baa
66167fc8e10537e6f9e7866e,66166582fc13ae7017ab9131,66167c20e10537e841ea2dd5
66167fc8e10537e6f9e7866f,66166582fc13ae7017ab9103,66167c20e10537e6c405f851
66167fc8e10537e6f9e78670,66166581fc13ae7017ab8fb0,66167c20e10537e7714b2053
66167fc8e10537e6f9e78671,66166583fc13ae7017ab92ad,66167c20e10537e6d7ef1236
66167fc8e10537e6f9e78672,66166582fc13ae7017ab904f,66167c20e10537e70a816c8d
66167fc8e10537e6f9e78673,66166583fc13ae7017ab91a9,66167c20e10537e82b6ef78d
66167fc8e10537e6f9e78674,66166581fc13ae7017ab8f25,66167c20e10537e6f9e78669
66167fc8e10537e6f9e78675,66166581fc13ae7017ab8f2e,66167c20e10537e8928bbf86
66167fc8e10537e6f9e78676,66166582fc13ae7017ab9101,66167c20e10537e7a67f3ebc
66167fc8e10537e6f9e78677,66166582fc13ae7017ab9180,66167c20e10537e7b003c74e
66167fc8e10537e6f9e78678,66166581fc13ae7017ab8f79,66167c20e10537e85f4fe4b0
66167fc8e10537e6f9e78679,66166581fc13ae7017ab8f97,66167c20e10537e83e6ca509
66167fc8e10537e6f9e7867a,66166581fc13ae7017ab8f6b,66167c20e10537e7c52103c9
66167fc8e10537e6f9e7867b,66166582fc13ae7017ab908c,66167c20e10537e752949fc5
66167fc8e10537e6f9e7867c,66166582fc13ae7017ab918e,66167c20e10537e80c7b869f
66167fc8e10537e6f9e7867d,66166582fc13ae7017ab9154,66167c20e10537e71b41aa82
66167fc8e10537e6f9e7867e,66166581fc13ae7017ab8f6c,66167c20e10537e770366221
66167fc8e10537e6f9e7867f,66166582fc13ae7017ab90c6,66167c20e10537e7a3c972f6
66167fc8e10537e6f9e78680,66166582fc13ae7017ab9152,66167c20e10537e8a3bcf189
66167fc8e10537e6f9e78681,66166583fc13ae7017ab92d8,66167c20e10537e8b1b76003
66167fc8e10537e6f9e78682,66166583fc13ae7017ab91cb,66167c20e10537e73df52120
66167fc8e10537e6f9e78683,66166581fc13ae7017ab8f7f,66167c20e10537e80985c409
66167fc8e10537e6f9e78684,66166583fc13ae7017ab925b,66167c20e10537e8c57ab3e8
66167fc8e10537e6f9e78685,66166583fc13ae7017ab919b,66167c20e10537e7916ba1e0
66167fc8e10537e6f9e78686,66166583fc13ae7017ab9218,66167c20e10537e83cb67476
66167fc8e10537e6f9e78687,66166582fc13ae7017ab903f,66167c20e10537e875099c2a
66167fc8e10537e6f9e78688,66166583fc13ae7017ab9223,66167c20e10537e83cb67476
66167fc8e10537e80985c40a,66166583fc13ae7017ab926d,66167c20e10537e6d7ef1236
66167fc8e10537e80985c40b,66166583fc13ae7017ab922a,66167c20e10537e80c7b869f
66167fc8e10537e80985c40c,66166583fc13ae7017ab91a1,66167c20e10537e83e6ca509
66167fc8e10537e80985c40d,66166582fc13ae7017ab90be,66167c20e10537e73df52120
66167fc8e10537e80985c40e,66166582fc13ae7017ab90c1,66167c20e10537e6f9e78669
66167fc8e10537e80985c40f,66166583fc13ae7017ab921e,66167c20e10537e770366221
66167fc8e10537e80985c410,66166583fc13ae7017ab92a4,66167c20e10537e7b003c74e
66167fc8e10537e80985c411,66166583fc13ae7017ab9237,66167c20e10537e7a67f3ebc
66167fc8e10537e80985c412,66166582fc13ae7017ab90dd,66167c20e10537e7a3c972f6
66167fc8e10537e80985c413,66166581fc13ae7017ab8fe9,66167c20e10537e83cb67476
66167fc8e10537e80985c414,66166583fc13ae7017ab91d0,66167c20e10537e7714b2053
66167fc8e10537e80985c415,66166581fc13ae7017ab8f3c,66167c20e10537e72c310187
66167fc8e10537e80985c416,66166581fc13ae7017ab8fb9,66167c20e10537e70a816c8d
66167fc8e10537e80985c417,66166583fc13ae7017ab91f2,66167c20e10537e875099c2a
66167fc8e10537e80985c418,66166582fc13ae7017ab90cf,66167c20e10537e6c405f851
66167fc8e10537e80985c419,66166581fc13ae7017ab8f29,66167c20e10537e82b6ef78d
66167fc8e10537e80985c41a,66166581fc13ae7017ab8faf,66167c20e10537e752949fc5
66167fc8e10537e80985c41b,66166582fc13ae7017ab90bd,66167c20e10537e8928bbf86
66167fc8e10537e80985c41c,66166582fc13ae7017ab906a,66167c20e10537e841ea2dd5
66167fc8e10537e80985c41d,66166583fc13ae7017ab923c,66167c20e10537e80985c409
66167fc8e10537e80985c41e,66166581fc13ae7017ab8fd2,66167c20e10537e6dda6cc34
66167fc8e10537e80985c41f,66166582fc13ae7017ab9097,66167c20e10537e7916ba1e0
66167fc8e10537e80985c420,66166581fc13ae7017ab9007,66167c20e10537e8c57ab3e8
66167fc8e10537e80985c421,66166581fc13ae7017ab8f4d,66167c20e10537e85f4fe4b0
66167fc8e10537e80985c422,66166583fc13ae7017ab91f4,66167c20e10537e8a3bcf189
66167fc8e10537e80985c423,66166583fc13ae7017ab91b6,66167c20e10537e8b1b76003
66167fc8e10537e80985c424,66166582fc13ae7017ab914f,66167c20e10537e71b41aa82
66167fc8e10537e80985c425,66166581fc13ae7017ab8f11,66167c20e10537e7c2855baa
66167fc8e10537e80985c426,66166583fc13ae7017ab922d,66167c20e10537e7c52103c9
66167fc8e10537e80985c427,66166581fc13ae7017ab8f55,66167c20e10537e82b6ef78d
66167fc8e10537e80985c428,66166581fc13ae7017ab8f43,66167c20e10537e8928bbf86
66167fc8e10537e73df52121,66166582fc13ae7017ab904d,66167c20e10537e752949fc5
66167fc8e10537e73df52122,66166582fc13ae7017ab918c,66167c20e10537e7a3c972f6
66167fc8e10537e73df52123,66166582fc13ae7017ab9098,66167c20e10537e71b41aa82
66167fc8e10537e73df52124,66166582fc13ae7017ab918b,66167c20e10537e85f4fe4b0
66167fc8e10537e73df52125,66166582fc13ae7017ab908d,66167c20e10537e72c310187
66167fc8e10537e73df52126,66166581fc13ae7017ab8f66,66167c20e10537e770366221
66167fc8e10537e73df52127,66166581fc13ae7017ab8fbc,66167c20e10537e8928bbf86
66167fc8e10537e73df52128,66166583fc13ae7017ab92b8,66167c20e10537e82b6ef78d
66167fc8e10537e73df52129,66166581fc13ae7017ab8f0f,66167c20e10537e7916ba1e0
66167fc8e10537e73df5212a,66166583fc13ae7017ab91bc,66167c20e10537e8a3bcf189
66167fc8e10537e73df5212b,66166582fc13ae7017ab9105,66167c20e10537e7c52103c9
66167fc8e10537e73df5212c,66166581fc13ae7017ab8fce,66167c20e10537e6c405f851
66167fc8e10537e73df5212d,66166582fc13ae7017ab907a,66167c20e10537e8c57ab3e8
66167fc8e10537e73df5212e,66166582fc13ae7017ab906f,66167c20e10537e73df52120
66167fc8e10537e73df5212f,66166582fc13ae7017ab9182,66167c20e10537e841ea2dd5
66167fc8e10537e73df52130,66166583fc13ae7017ab91a6,66167c20e10537e83e6ca509
66167fc8e10537e73df52131,66166583fc13ae7017ab91b5,66167c20e10537e6d7ef1236
66167fc8e10537e73df52132,66166581fc13ae7017ab8faa,66167c20e10537e7c2855baa
66167fc8e10537e73df52133,66166583fc13ae7017ab9291,66167c20e10537e7b003c74e
66167fc8e10537e73df52134,66166581fc13ae7017ab8f6a,66167c20e10537e80c7b869f
66167fc8e10537e73df52135,66166581fc13ae7017ab8fec,66167c20e10537e8b1b76003
66167fc8e10537e73df52136,66166581fc13ae7017ab8f55,66167c20e10537e6dda6cc34
66167fc8e10537e73df52137,66166582fc13ae7017ab90dd,66167c20e10537e6f9e78669
66167fc8e10537e73df52138,66166583fc13ae7017ab91d6,66167c20e10537e80985c409
66167fc8e10537e73df52139,66166581fc13ae7017ab9016,66167c20e10537e7714b2053
66167fc8e10537e73df5213a,66166583fc13ae7017ab92c8,66167c20e10537e7a67f3ebc
66167fc8e10537e73df5213b,66166582fc13ae7017ab9168,66167c20e10537e83cb67476
66167fc8e10537e73df5213c,66166583fc13ae7017ab92b3,66167c20e10537e875099c2a
66167fc8e10537e73df5213d,66166583fc13ae7017ab920c,66167c20e10537e70a816c8d
66167fc8e10537e73df5213e,66166583fc13ae7017ab91e1,66167c20e10537e6d7ef1236
66167fc9e10537e73df5213f,66166582fc13ae7017ab909a,66167c20e10537e85f4fe4b0
66167fc8e10537e7a3c972f7,66166583fc13ae7017ab91f0,66167c20e10537e82b6ef78d
66167fc8e10537e7a3c972f8,66166583fc13ae7017ab922f,66167c20e10537e83e6ca509
66167fc8e10537e7a3c972f9,66166582fc13ae7017ab9153,66167c20e10537e841ea2dd5
66167fc8e10537e7a3c972fa,66166583fc13ae7017ab91bd,66167c20e10537e7916ba1e0
66167fc8e10537e7a3c972fb,66166583fc13ae7017ab92e4,66167c20e10537e7b003c74e
66167fc8e10537e7a3c972fc,66166581fc13ae7017ab8f97,66167c20e10537e85f4fe4b0
66167fc8e10537e7a3c972fd,66166583fc13ae7017ab91ab,66167c20e10537e6d7ef1236
66167fc8e10537e7a3c972fe,66166583fc13ae7017ab9258,66167c20e10537e83cb67476
66167fc8e10537e7a3c972ff,66166582fc13ae7017ab90d7,66167c20e10537e7a3c972f6
66167fc8e10537e7a3c97300,66166581fc13ae7017ab8f6e,66167c20e10537e770366221
66167fc8e10537e7a3c97301,66166581fc13ae7017ab8f30,66167c20e10537e72c310187
66167fc8e10537e7a3c97302,66166582fc13ae7017ab916a,66167c20e10537e8a3bcf189
66167fc8e10537e7a3c97303,66166582fc13ae7017ab9195,66167c20e10537e8b1b76003
66167fc8e10537e7a3c97304,66166582fc13ae7017ab9088,66167c20e10537e71b41aa82
66167fc8e10537e7a3c97305,66166581fc13ae7017ab8f2e,66167c20e10537e70a816c8d
66167fc8e10537e7a3c97306,66166583fc13ae7017ab9281,66167c20e10537e6f9e78669
66167fc8e10537e7a3c97307,66166583fc13ae7017ab91ed,66167c20e10537e80985c409
66167fc8e10537e7a3c97308,66166581fc13ae7017ab8f2a,66167c20e10537e8c57ab3e8
66167fc8e10537e7a3c97309,66166583fc13ae7017ab91dd,66167c20e10537e7c2855baa
66167fc8e10537e7a3c9730a,66166582fc13ae7017ab911e,66167c20e10537e8928bbf86
66167fc8e10537e7a3c9730b,66166581fc13ae7017ab8ffd,66167c20e10537e7c52103c9
66167fc8e10537e7a3c9730c,66166581fc13ae7017ab8feb,66167c20e10537e6dda6cc34
66167fc8e10537e7a3c9730d,66166583fc13ae7017ab91cf,66167c20e10537e752949fc5
66167fc8e10537e7a3c9730e,66166581fc13ae7017ab8f2a,66167c20e10537e875099c2a
66167fc8e10537e7a3c9730f,66166583fc13ae7017ab9229,66167c20e10537e80c7b869f
66167fc8e10537e7a3c97310,66166583fc13ae7017ab921d,66167c20e10537e7714b2053
66167fc8e10537e7a3c97311,66166582fc13ae7017ab913a,66167c20e10537e6c405f851
66167fc8e10537e7a3c97312,66166582fc13ae7017ab9075,66167c20e10537e73df52120
66167fc8e10537e7a3c97313,66166583fc13ae7017ab9249,66167c20e10537e7a67f3ebc
66167fc8e10537e7a3c97314,66166582fc13ae7017ab9188,66167c20e10537e6f9e78669
66167fc9e10537e7a3c97315,66166583fc13ae7017ab92ec,66167c20e10537e752949fc5
66167fc8e10537e7e7de070f,66166583fc13ae7017ab9281,66167c20e10537e80985c409
66167fc8e10537e7e7de0710,66166583fc13ae7017ab9265,66167c20e10537e6f9e78669
66167fc8e10537e7e7de0711,66166583fc13ae7017ab9264,66167c20e10537e8928bbf86
66167fc8e10537e7e7de0712,66166582fc13ae7017ab908a,66167c20e10537e8b1b76003
66167fc8e10537e7e7de0713,66166583fc13ae7017ab9287,66167c20e10537e7a3c972f6
66167fc8e10537e7e7de0714,66166583fc13ae7017ab9279,66167c20e10537e73df52120
66167fc8e10537e7e7de0715,66166582fc13ae7017ab9063,66167c20e10537e7916ba1e0
66167fc8e10537e7e7de0716,66166583fc13ae7017ab91d1,66167c20e10537e70a816c8d
66167fc8e10537e7e7de0717,66166581fc13ae7017ab8f29,66167c20e10537e83e6ca509
66167fc8e10537e7e7de0718,66166581fc13ae7017ab8fdd,66167c20e10537e72c310187
66167fc8e10537e7e7de0719,66166582fc13ae7017ab90b7,66167c20e10537e80c7b869f
66167fc8e10537e7e7de071a,66166583fc13ae7017ab91e3,66167c20e10537e7a67f3ebc
66167fc8e10537e7e7de071b,66166582fc13ae7017ab9185,66167c20e10537e875099c2a
66167fc8e10537e7e7de071c,66166582fc13ae7017ab9029,66167c20e10537e8c57ab3e8
66167fc8e10537e7e7de071d,66166581fc13ae7017ab8f1b,66167c20e10537e6c405f851
66167fc8e10537e7e7de071e,66166583fc13ae7017ab9288,66167c20e10537e85f4fe4b0
66167fc8e10537e7e7de071f,66166582fc13ae7017ab9040,66167c20e10537e82b6ef78d
66167fc8e10537e7e7de0720,66166581fc13ae7017ab8ff2,66167c20e10537e6dda6cc34
66167fc8e10537e7e7de0721,66166582fc13ae7017ab914f,66167c20e10537e8a3bcf189
66167fc8e10537e7e7de0722,66166582fc13ae7017ab918e,66167c20e10537e7b003c74e
66167fc8e10537e7e7de0723,66166581fc13ae7017ab8f49,66167c20e10537e7c52103c9
66167fc8e10537e7e7de0724,66166583fc13ae7017ab9243,66167c20e10537e841ea2dd5
66167fc8e10537e7e7de0725,66166582fc13ae7017ab9178,66167c20e10537e71b41aa82
66167fc8e10537e7e7de0726,66166583fc13ae7017ab91c5,66167c20e10537e770366221
66167fc8e10537e7e7de0727,66166583fc13ae7017ab9198,66167c20e10537e83cb67476
66167fc8e10537e7e7de0728,66166581fc13ae7017ab8ff6,66167c20e10537e6d7ef1236
66167fc8e10537e7e7de0729,66166583fc13ae7017ab9273,66167c20e10537e7714b2053
66167fc8e10537e7e7de072a,66166582fc13ae7017ab9155,66167c20e10537e752949fc5
66167fc8e10537e7e7de072b,66166583fc13ae7017ab91c9,66167c20e10537e7c2855baa
66167fc8e10537e7e7de072c,66166581fc13ae7017ab8ff5,66167c20e10537e875099c2a
66167fc9e10537e7e7de072d,66166581fc13ae7017ab8fe1,66167c20e10537e6d7ef1236
66167fc8e10537e740772d50,66166583fc13ae7017ab91b6,66167c20e10537e841ea2dd5
66167fc8e10537e740772d51,66166582fc13ae7017ab9112,66167c20e10537e85f4fe4b0
66167fc8e10537e740772d52,66166583fc13ae7017ab91ab,66167c20e10537e70a816c8d
66167fc8e10537e740772d53,66166582fc13ae7017ab914d,66167c20e10537e8c57ab3e8
66167fc8e10537e740772d54,66166582fc13ae7017ab90b9,66167c20e10537e71b41aa82
66167fc8e10537e740772d55,66166583fc13ae7017ab9278,66167c20e10537e7c52103c9
66167fc8e10537e740772d56,66166581fc13ae7017ab8fb7,66167c20e10537e7916ba1e0
66167fc8e10537e740772d57,66166583fc13ae7017ab92c9,66167c20e10537e7a3c972f6
66167fc8e10537e740772d58,66166583fc13ae7017ab92e7,66167c20e10537e83cb67476
66167fc8e10537e740772d59,66166581fc13ae7017ab8fb8,66167c20e10537e770366221
66167fc8e10537e740772d5a,66166582fc13ae7017ab90c8,66167c20e10537e6c405f851
66167fc8e10537e740772d5b,66166581fc13ae7017ab8f21,66167c20e10537e80985c409
66167fc8e10537e740772d5c,66166582fc13ae7017ab9059,66167c20e10537e7a67f3ebc
66167fc8e10537e740772d5d,66166581fc13ae7017ab8fd6,66167c20e10537e73df52120
66167fc8e10537e740772d5e,66166582fc13ae7017ab90d8,66167c20e10537e82b6ef78d
66167fc8e10537e740772d5f,66166582fc13ae7017ab90be,66167c20e10537e8a3bcf189
66167fc8e10537e740772d60,66166583fc13ae7017ab92df,66167c20e10537e875099c2a
66167fc8e10537e740772d61,66166581fc13ae7017ab8fb4,66167c20e10537e6f9e78669
66167fc8e10537e740772d62,66166583fc13ae7017ab91b9,66167c20e10537e8928bbf86
66167fc8e10537e740772d63,66166582fc13ae7017ab915e,66167c20e10537e72c310187
66167fc8e10537e740772d64,66166582fc13ae7017ab90db,66167c20e10537e7c2855baa
66167fc8e10537e740772d65,66166583fc13ae7017ab9275,66167c20e10537e83e6ca509
66167fc8e10537e740772d66,66166583fc13ae7017ab91eb,66167c20e10537e7714b2053
66167fc8e10537e740772d67,66166582fc13ae7017ab90fc,66167c20e10537e6d7ef1236
66167fc8e10537e740772d68,66166582fc13ae7017ab904b,66167c20e10537e80c7b869f
66167fc8e10537e740772d69,66166582fc13ae7017ab9158,66167c20e10537e7b003c74e
66167fc8e10537e740772d6a,66166583fc13ae7017ab9253,66167c20e10537e6dda6cc34
66167fc8e10537e740772d6b,66166583fc13ae7017ab9280,66167c20e10537e752949fc5
66167fc8e10537e740772d6c,66166583fc13ae7017ab9267,66167c20e10537e8b1b76003
66167fc8e10537e740772d6d,66166583fc13ae7017ab922f,66167c20e10537e72c310187
66167fc9e10537e740772d6e,66166582fc13ae7017ab911c,66167c20e10537e80985c409
66167fc8e10537e8d6b75ed3,66166583fc13ae7017ab926c,66167c20e10537e7a67f3ebc
66167fc8e10537e8d6b75ed4,66166583fc13ae7017ab92ae,66167c20e10537e80985c409
66167fc8e10537e8d6b75ed5,66166582fc13ae7017ab90ae,66167c20e10537e70a816c8d
66167fc8e10537e8d6b75ed6,66166582fc13ae7017ab90ff,66167c20e10537e770366221
66167fc8e10537e8d6b75ed7,66166583fc13ae7017ab9284,66167c20e10537e72c310187
66167fc8e10537e8d6b75ed8,66166582fc13ae7017ab9031,66167c20e10537e83cb67476
66167fc8e10537e8d6b75ed9,66166581fc13ae7017ab8f30,66167c20e10537e73df52120
66167fc8e10537e8d6b75eda,66166582fc13ae7017ab905e,66167c20e10537e82b6ef78d
66167fc8e10537e8d6b75edb,66166583fc13ae7017ab9270,66167c20e10537e841ea2dd5
66167fc8e10537e8d6b75edc,66166582fc13ae7017ab90d0,66167c20e10537e752949fc5
66167fc8e10537e8d6b75edd,66166582fc13ae7017ab9192,66167c20e10537e8b1b76003
66167fc8e10537e8d6b75ede,66166581fc13ae7017ab8f2b,66167c20e10537e7714b2053
66167fc8e10537e8d6b75edf,66166582fc13ae7017ab9105,66167c20e10537e7c52103c9
66167fc8e10537e8d6b75ee0,66166581fc13ae7017ab8fe2,66167c20e10537e71b41aa82
66167fc8e10537e8d6b75ee1,66166582fc13ae7017ab9194,66167c20e10537e85f4fe4b0
66167fc8e10537e8d6b75ee2,66166583fc13ae7017ab91ee,66167c20e10537e7916ba1e0
66167fc8e10537e8d6b75ee3,66166583fc13ae7017ab91b1,66167c20e10537e6dda6cc34
66167fc8e10537e8d6b75ee4,66166583fc13ae7017ab91ac,66167c20e10537e83e6ca509
66167fc8e10537e8d6b75ee5,66166582fc13ae7017ab917a,66167c20e10537e7c2855baa
66167fc8e10537e8d6b75ee6,66166582fc13ae7017ab916a,66167c20e10537e8928bbf86
66167fc8e10537e8d6b75ee7,66166582fc13ae7017ab9073,66167c20e10537e80c7b869f
66167fc8e10537e8d6b75ee8,66166581fc13ae7017ab9018,66167c20e10537e8a3bcf189
66167fc8e10537e8d6b75ee9,66166583fc13ae7017ab9272,66167c20e10537e8c57ab3e8
66167fc8e10537e8d6b75eea,66166583fc13ae7017ab919d,66167c20e10537e6d7ef1236
66167fc8e10537e8d6b75eeb,66166581fc13ae7017ab8f51,66167c20e10537e875099c2a
66167fc8e10537e8d6b75eec,66166582fc13ae7017ab9141,66167c20e10537e7a3c972f6
66167fc8e10537e8d6b75eed,66166583fc13ae7017ab91c3,66167c20e10537e6f9e78669
66167fc8e10537e8d6b75eee,66166581fc13ae7017ab8fd7,66167c20e10537e6c405f851
66167fc8e10537e8d6b75eef,66166581fc13ae7017ab8f91,66167c20e10537e7b003c74e
66167fc8e10537e8d6b75ef0,66166581fc13ae7017ab8f7b,66167c20e10537e80985c409
66167fc9e10537e8d6b75ef1,66166581fc13ae7017ab8f3c,66167c20e10537e8a3bcf189
66167fc9e10537e8d6b75ef2,66166582fc13ae7017ab90e6,66167c20e10537e71b41aa82
66167fc9e10537e8d6b75ef3,66166581fc13ae7017ab8fb7,66167c20e10537e7a67f3ebc
66167fc9e10537e8d6b75ef4,66166581fc13ae7017ab8fcf,66167c20e10537e72c310187
66167fc9e10537e8d6b75ef5,66166581fc13ae7017ab8fe2,66167c20e10537e7c52103c9
66167fc9e10537e8d6b75ef6,66166583fc13ae7017ab924d,66167c20e10537e8c57ab3e8
66167fc9e10537e8d6b75ef7,66166582fc13ae7017ab914d,66167c20e10537e70a816c8d
66167fc9e10537e8d6b75ef8,66166583fc13ae7017ab92a7,66167c20e10537e7916ba1e0
66167fc9e10537e8d6b75ef9,66166582fc13ae7017ab9115,66167c20e10537e8b1b76003
