_id,userId,eventId
6616809fe10537e70a816cad,66166582fc13ae7017ab9099,66167c20e10537e80985c409
6616809fe10537e70a816cae,66166582fc13ae7017ab9105,66167c20e10537e7714b2053
6616809fe10537e70a816caf,66166582fc13ae7017ab9066,66167c20e10537e72c310187
6616809fe10537e70a816cb0,66166582fc13ae7017ab906f,66167c20e10537e8c57ab3e8
6616809fe10537e70a816cb1,66166583fc13ae7017ab91c6,66167c20e10537e82b6ef78d
6616809fe10537e70a816cb2,66166581fc13ae7017ab8fb7,66167c20e10537e7c2855baa
6616809fe10537e70a816cb3,66166583fc13ae7017ab924a,66167c20e10537e6f9e78669
6616809fe10537e70a816cb4,66166583fc13ae7017ab91eb,66167c20e10537e7c52103c9
6616809fe10537e70a816cb5,66166583fc13ae7017ab91af,66167c20e10537e6dda6cc34
6616809fe10537e70a816cb6,66166583fc13ae7017ab92a7,66167c20e10537e752949fc5
6616809fe10537e70a816cb7,66166582fc13ae7017ab9071,66167c20e10537e8b1b76003
6616809fe10537e70a816cb8,66166581fc13ae7017ab8f77,66167c20e10537e6d7ef1236
6616809fe10537e70a816cb9,66166582fc13ae7017ab9196,66167c20e10537e70a816c8d
6616809fe10537e70a816cba,66166583fc13ae7017ab91d2,66167c20e10537e83e6ca509
6616809fe10537e70a816cbb,66166582fc13ae7017ab9094,66167c20e10537e6c405f851
6616809fe10537e70a816cbc,66166582fc13ae7017ab909a,66167c20e10537e8928bbf86
6616809fe10537e70a816cbd,66166582fc13ae7017ab9162,66167c20e10537e7916ba1e0
6616809fe10537e70a816cbe,66166581fc13ae7017ab8f5e,66167c20e10537e841ea2dd5
6616809fe10537e70a816cbf,66166582fc13ae7017ab914e,66167c20e10537e770366221
6616809fe10537e70a816cc0,66166583fc13ae7017ab9261,66167c20e10537e7a67f3ebc
6616809fe10537e70a816cc1,66166583fc13ae7017ab91fc,66167c20e10537e8a3bcf189
6616809fe10537e70a816cc2,66166581fc13ae7017ab8f31,66167c20e10537e875099c2a
6616809fe10537e70a816cc3,66166583fc13ae7017ab924d,66167c20e10537e80c7b869f
6616809fe10537e70a816cc4,66166583fc13ae7017ab92eb,66167c20e10537e7a3c972f6
6616809fe10537e70a816cc5,66166583fc13ae7017ab92c3,66167c20e10537e7b003c74e
6616809fe10537e70a816cc6,66166583fc13ae7017ab9267,66167c20e10537e85f4fe4b0
6616809fe10537e70a816cc7,66166583fc13ae7017ab9249,66167c20e10537e83cb67476
6616809fe10537e70a816cc8,66166582fc13ae7017ab90c1,66167c20e10537e71b41aa82
6616809fe10537e70a816cc9,66166581fc13ae7017ab8f8c,66167c20e10537e73df52120
661680a0e10537e70a816cca,66166581fc13ae7017ab8f3d,66167c20e10537e7c52103c9
661680a0e10537e70a816ccb,66166581fc13ae7017ab8f13,66167c20e10537e6dda6cc34
6616809fe10537e85f4fe4d0,66166581fc13ae7017ab8fbb,66167c20e10537e6f9e78669
6616809fe10537e85f4fe4d1,66166582fc13ae7017ab90f7,66167c20e10537e80985c409
6616809fe10537e85f4fe4d2,66166582fc13ae7017ab9194,66167c20e10537e82b6ef78d
6616809fe10537e85f4fe4d3,66166581fc13ae7017ab8fc2,66167c20e10537e6c405f851
6616809fe10537e85f4fe4d4,66166583fc13ae7017ab9262,66167c20e10537e6d7ef1236
6616809fe10537e85f4fe4d5,66166583fc13ae7017ab9276,66167c20e10537e8c57ab3e8
6616809fe10537e85f4fe4d6,66166582fc13ae7017ab912f,66167c20e10537e7c52103c9
6616809fe10537e85f4fe4d7,66166582fc13ae7017ab915c,66167c20e10537e7c2855baa
6616809fe10537e85f4fe4d8,66166582fc13ae7017ab90a3,66167c20e10537e7714b2053
6616809fe10537e85f4fe4d9,66166583fc13ae7017ab919f,66167c20e10537e770366221
6616809fe10537e85f4fe4da,66166583fc13ae7017ab9259,66167c20e10537e875099c2a
6616809fe10537e85f4fe4db,66166583fc13ae7017ab91aa,66167c20e10537e70a816c8d
6616809fe10537e85f4fe4dc,66166583fc13ae7017ab9199,66167c20e10537e7a3c972f6
6616809fe10537e85f4fe4dd,66166581fc13ae7017ab8f0e,66167c20e10537e8a3bcf189
6616809fe10537e85f4fe4de,66166582fc13ae7017ab910a,66167c20e10537e83e6ca509
6616809fe10537e85f4fe4df,66166582fc13ae7017ab912c,66167c20e10537e72c310187
6616809fe10537e85f4fe4e0,66166581fc13ae7017ab8fd9,66167c20e10537e6dda6cc34
6616809fe10537e85f4fe4e1,66166581fc13ae7017ab8fd9,66167c20e10537e841ea2dd5
6616809fe10537e85f4fe4e2,66166582fc13ae7017ab916f,66167c20e10537e7b003c74e
6616809fe10537e85f4fe4e3,66166581fc13ae7017ab8f41,66167c20e10537e8928bbf86
6616809fe10537e85f4fe4e4,66166581fc13ae7017ab8fed,66167c20e10537e80c7b869f
6616809fe10537e85f4fe4e5,66166583fc13ae7017ab92ea,66167c20e10537e8b1b76003
6616809fe10537e85f4fe4e6,66166581fc13ae7017ab8f1b,66167c20e10537e7a67f3ebc
6616809fe10537e85f4fe4e7,66166583fc13ae7017ab91ab,66167c20e10537e7916ba1e0
6616809fe10537e85f4fe4e8,66166582fc13ae7017ab906b,66167c20e10537e73df52120
6616809fe10537e85f4fe4e9,66166581fc13ae7017ab8fda,66167c20e10537e752949fc5
6616809fe10537e85f4fe4ea,66166583fc13ae7017ab924e,66167c20e10537e83cb67476
6616809fe10537e85f4fe4eb,66166583fc13ae7017ab9298,66167c20e10537e71b41aa82
6616809fe10537e85f4fe4ec,66166582fc13ae7017ab90cc,66167c20e10537e85f4fe4b0
661680a0e10537e85f4fe4ed,66166582fc13ae7017ab90b5,66167c20e10537e85f4fe4b0
661680a0e10537e85f4fe4ee,66166581fc13ae7017ab8fa9,66167c20e10537e752949fc5
6616809fe10537e7916ba200,66166581fc13ae7017ab8fb8,66167c20e10537e80985c409
6616809fe10537e7916ba201,66166582fc13ae7017ab9115,66167c20e10537e7b003c74e
6616809fe10537e7916ba202,66166581fc13ae7017ab8f27,66167c20e10537e85f4fe4b0
6616809fe10537e7916ba203,66166583fc13ae7017ab91f6,66167c20e10537e8c57ab3e8
6616809fe10537e7916ba204,66166581fc13ae7017ab9001,66167c20e10537e82b6ef78d
6616809fe10537e7916ba205,66166582fc13ae7017ab908e,66167c20e10537e83e6ca509
6616809fe10537e7916ba206,66166581fc13ae7017ab8f35,66167c20e10537e6f9e78669
6616809fe10537e7916ba207,66166581fc13ae7017ab8f5f,66167c20e10537e7714b2053
6616809fe10537e7916ba208,66166581fc13ae7017ab8fe8,66167c20e10537e80c7b869f
6616809fe10537e7916ba209,66166583fc13ae7017ab91f3,66167c20e10537e72c310187
6616809fe10537e7916ba20a,66166583fc13ae7017ab92aa,66167c20e10537e841ea2dd5
6616809fe10537e7916ba20b,66166583fc13ae7017ab91a8,66167c20e10537e7c2855baa
6616809fe10537e7916ba20c,66166583fc13ae7017ab9209,66167c20e10537e7c52103c9
6616809fe10537e7916ba20d,66166582fc13ae7017ab913e,66167c20e10537e6d7ef1236
6616809fe10537e7916ba20e,66166581fc13ae7017ab8f61,66167c20e10537e73df52120
6616809fe10537e7916ba20f,66166582fc13ae7017ab9186,66167c20e10537e7916ba1e0
6616809fe10537e7916ba210,66166582fc13ae7017ab902e,66167c20e10537e7a3c972f6
6616809fe10537e7916ba211,66166581fc13ae7017ab900a,66167c20e10537e770366221
6616809fe10537e7916ba212,66166582fc13ae7017ab9109,66167c20e10537e8a3bcf189
6616809fe10537e7916ba213,66166583fc13ae7017ab91ba,66167c20e10537e7a67f3ebc
6616809fe10537e7916ba214,66166582fc13ae7017ab915a,66167c20e10537e6c405f851
6616809fe10537e7916ba215,66166582fc13ae7017ab9120,66167c20e10537e83cb67476
6616809fe10537e7916ba216,66166581fc13ae7017ab8f12,66167c20e10537e752949fc5
6616809fe10537e7916ba217,66166581fc13ae7017ab8f62,66167c20e10537e6dda6cc34
6616809fe10537e7916ba218,66166582fc13ae7017ab9124,66167c20e10537e71b41aa82
6616809fe10537e7916ba219,66166582fc13ae7017ab914c,66167c20e10537e8928bbf86
6616809fe10537e7916ba21a,66166581fc13ae7017ab8ffe,66167c20e10537e70a816c8d
6616809fe10537e7916ba21b,66166582fc13ae7017ab90cb,66167c20e10537e875099c2a
6616809fe10537e7916ba21c,66166581fc13ae7017ab8f91,66167c20e10537e8b1b76003
661680a0e10537e7916ba21d,66166583fc13ae7017ab9278,66167c20e10537e752949fc5
661680a0e10537e7916ba21e,66166582fc13ae7017ab912c,66167c20e10537e83e6ca509
6616809fe10537e8c57ab408,66166583fc13ae7017ab9210,66167c20e10537e7916ba1e0
6616809fe10537e8c57ab409,66166581fc13ae7017ab8f4a,66167c20e10537e70a816c8d
6616809fe10537e8c57ab40a,66166582fc13ae7017ab913f,66167c20e10537e8928bbf86
6616809fe10537e8c57ab40b,66166583fc13ae7017ab9235,66167c20e10537e8b1b76003
6616809fe10537e8c57ab40c,66166582fc13ae7017ab9101,66167c20e10537e6d7ef1236
6616809fe10537e8c57ab40d,66166583fc13ae7017ab91dd,66167c20e10537e7c52103c9
6616809fe10537e8c57ab40e,66166581fc13ae7017ab8fc6,66167c20e10537e8c57ab3e8
6616809fe10537e8c57ab40f,66166583fc13ae7017ab9236,66167c20e10537e71b41aa82
6616809fe10537e8c57ab410,66166582fc13ae7017ab9055,66167c20e10537e83cb67476
6616809fe10537e8c57ab411,66166583fc13ae7017ab91b1,66167c20e10537e80985c409
6616809fe10537e8c57ab412,66166583fc13ae7017ab926d,66167c20e10537e7c2855baa
6616809fe10537e8c57ab413,66166581fc13ae7017ab8f12,66167c20e10537e7a3c972f6
6616809fe10537e8c57ab414,66166583fc13ae7017ab9245,66167c20e10537e8a3bcf189
6616809fe10537e8c57ab415,66166583fc13ae7017ab9251,66167c20e10537e73df52120
6616809fe10537e8c57ab416,66166583fc13ae7017ab92c6,66167c20e10537e770366221
6616809fe10537e8c57ab417,66166583fc13ae7017ab929c,66167c20e10537e80c7b869f
6616809fe10537e8c57ab418,66166581fc13ae7017ab8f97,66167c20e10537e85f4fe4b0
6616809fe10537e8c57ab419,66166582fc13ae7017ab903f,66167c20e10537e6dda6cc34
6616809fe10537e8c57ab41a,66166583fc13ae7017ab91df,66167c20e10537e7714b2053
6616809fe10537e8c57ab41b,66166582fc13ae7017ab9047,66167c20e10537e7a67f3ebc
6616809fe10537e8c57ab41c,66166583fc13ae7017ab92a3,66167c20e10537e82b6ef78d
6616809fe10537e8c57ab41d,66166581fc13ae7017ab8f0e,66167c20e10537e7b003c74e
6616809fe10537e8c57ab41e,66166581fc13ae7017ab8f55,66167c20e10537e752949fc5
6616809fe10537e8c57ab41f,66166583fc13ae7017ab928b,66167c20e10537e83e6ca509
6616809fe10537e8c57ab420,66166582fc13ae7017ab909f,66167c20e10537e6f9e78669
6616809fe10537e8c57ab421,66166581fc13ae7017ab9009,66167c20e10537e6c405f851
6616809fe10537e8c57ab422,66166583fc13ae7017ab9283,66167c20e10537e875099c2a
6616809fe10537e8c57ab423,66166581fc13ae7017ab900d,66167c20e10537e72c310187
6616809fe10537e8c57ab424,66166582fc13ae7017ab902c,66167c20e10537e841ea2dd5
661680a0e10537e8c57ab425,66166583fc13ae7017ab9242,66167c20e10537e6c405f851
661680a0e10537e8c57ab426,66166582fc13ae7017ab9069,66167c20e10537e83e6ca509
6616809fe10537e83cb67496,66166582fc13ae7017ab906a,66167c20e10537e7b003c74e
6616809fe10537e83cb67497,66166583fc13ae7017ab92d0,66167c20e10537e73df52120
6616809fe10537e83cb67498,66166583fc13ae7017ab91ae,66167c20e10537e7714b2053
6616809fe10537e83cb67499,66166581fc13ae7017ab8fff,66167c20e10537e7c52103c9
6616809fe10537e83cb6749a,66166583fc13ae7017ab92a3,66167c20e10537e752949fc5
6616809fe10537e83cb6749b,66166583fc13ae7017ab92bd,66167c20e10537e8a3bcf189
6616809fe10537e83cb6749c,66166582fc13ae7017ab9178,66167c20e10537e6d7ef1236
6616809fe10537e83cb6749d,66166582fc13ae7017ab9092,66167c20e10537e7c2855baa
6616809fe10537e83cb6749e,66166583fc13ae7017ab9281,66167c20e10537e8928bbf86
6616809fe10537e83cb6749f,66166583fc13ae7017ab91fe,66167c20e10537e85f4fe4b0
6616809fe10537e83cb674a0,66166583fc13ae7017ab91c3,66167c20e10537e70a816c8d
6616809fe10537e83cb674a1,66166582fc13ae7017ab9077,66167c20e10537e875099c2a
6616809fe10537e83cb674a2,66166582fc13ae7017ab9154,66167c20e10537e71b41aa82
6616809fe10537e83cb674a3,66166583fc13ae7017ab91c5,66167c20e10537e6dda6cc34
6616809fe10537e83cb674a4,66166582fc13ae7017ab9147,66167c20e10537e83e6ca509
6616809fe10537e83cb674a5,66166582fc13ae7017ab902f,66167c20e10537e83cb67476
6616809fe10537e83cb674a6,66166581fc13ae7017ab8fd7,66167c20e10537e770366221
6616809fe10537e83cb674a7,66166582fc13ae7017ab915a,66167c20e10537e72c310187
6616809fe10537e83cb674a8,66166582fc13ae7017ab9185,66167c20e10537e8c57ab3e8
6616809fe10537e83cb674a9,66166582fc13ae7017ab913b,66167c20e10537e6f9e78669
6616809fe10537e83cb674aa,66166582fc13ae7017ab90ad,66167c20e10537e6c405f851
6616809fe10537e83cb674ab,66166582fc13ae7017ab9121,66167c20e10537e841ea2dd5
6616809fe10537e83cb674ac,66166582fc13ae7017ab911b,66167c20e10537e80c7b869f
6616809fe10537e83cb674ad,66166583fc13ae7017ab91ad,66167c20e10537e7a67f3ebc
6616809fe10537e83cb674ae,66166581fc13ae7017ab8fa0,66167c20e10537e7a3c972f6
6616809fe10537e83cb674af,66166581fc13ae7017ab8fe3,66167c20e10537e8b1b76003
6616809fe10537e83cb674b0,66166583fc13ae7017ab921b,66167c20e10537e80985c409
6616809fe10537e83cb674b1,66166583fc13ae7017ab9280,66167c20e10537e7916ba1e0
6616809fe10537e83cb674b2,66166581fc13ae7017ab8f75,66167c20e10537e82b6ef78d
661680a0e10537e83cb674b3,66166583fc13ae7017ab91a4,66167c20e10537e841ea2dd5
661680a0e10537e83cb674b4,66166583fc13ae7017ab9267,66167c20e10537e7a3c972f6
6616809fe10537e83e6ca529,66166583fc13ae7017ab91e4,66167c20e10537e841ea2dd5
6616809fe10537e83e6ca52a,66166582fc13ae7017ab918c,66167c20e10537e6dda6cc34
6616809fe10537e83e6ca52b,66166583fc13ae7017ab925a,66167c20e10537e6d7ef1236
6616809fe10537e83e6ca52c,66166582fc13ae7017ab90a3,66167c20e10537e7c2855baa
6616809fe10537e83e6ca52d,66166581fc13ae7017ab8f3a,66167c20e10537e72c310187
6616809fe10537e83e6ca52e,66166581fc13ae7017ab8ff3,66167c20e10537e7916ba1e0
6616809fe10537e83e6ca52f,66166582fc13ae7017ab9082,66167c20e10537e8b1b76003
6616809fe10537e83e6ca530,66166581fc13ae7017ab8f63,66167c20e10537e85f4fe4b0
6616809fe10537e83e6ca531,66166582fc13ae7017ab9091,66167c20e10537e83cb67476
6616809fe10537e83e6ca532,66166581fc13ae7017ab8f30,66167c20e10537e7a3c972f6
6616809fe10537e83e6ca533,66166582fc13ae7017ab903e,66167c20e10537e7b003c74e
6616809fe10537e83e6ca534,66166583fc13ae7017ab91b6,66167c20e10537e770366221
6616809fe10537e83e6ca535,66166583fc13ae7017ab91ad,66167c20e10537e83e6ca509
6616809fe10537e83e6ca536,66166582fc13ae7017ab9138,66167c20e10537e8928bbf86
6616809fe10537e83e6ca537,66166583fc13ae7017ab919a,66167c20e10537e7a67f3ebc
6616809fe10537e83e6ca538,66166583fc13ae7017ab921b,66167c20e10537e875099c2a
6616809fe10537e83e6ca539,66166583fc13ae7017ab91cd,66167c20e10537e6c405f851
6616809fe10537e83e6ca53a,66166583fc13ae7017ab91ba,66167c20e10537e70a816c8d
6616809fe10537e83e6ca53b,66166581fc13ae7017ab8f95,66167c20e10537e8c57ab3e8
6616809fe10537e83e6ca53c,66166582fc13ae7017ab9097,66167c20e10537e7c52103c9
6616809fe10537e83e6ca53d,66166583fc13ae7017ab9294,66167c20e10537e73df52120
6616809fe10537e83e6ca53e,66166581fc13ae7017ab8fc2,66167c20e10537e71b41aa82
6616809fe10537e83e6ca53f,66166581fc13ae7017ab8fa7,66167c20e10537e6f9e78669
6616809fe10537e83e6ca540,66166583fc13ae7017ab924e,66167c20e10537e80c7b869f
6616809fe10537e83e6ca541,66166582fc13ae7017ab9106,66167c20e10537e82b6ef78d
6616809fe10537e83e6ca542,66166582fc13ae7017ab9185,66167c20e10537e752949fc5
6616809fe10537e83e6ca543,66166583fc13ae7017ab926a,66167c20e10537e7714b2053
6616809fe10537e83e6ca544,66166582fc13ae7017ab90a6,66167c20e10537e80985c409
6616809fe10537e83e6ca545,66166583fc13ae7017ab92a1,66167c20e10537e8a3bcf189
661680a0e10537e83e6ca546,66166583fc13ae7017ab925e,66167c20e10537e80c7b869f
661680a0e10537e83e6ca547,66166582fc13ae7017ab912b,66167c20e10537e80985c409
6616809fe10537e8928bbfa6,66166582fc13ae7017ab9129,66167c20e10537e83e6ca509
6616809fe10537e8928bbfa7,66166582fc13ae7017ab9052,66167c20e10537e875099c2a
6616809fe10537e8928bbfa8,66166581fc13ae7017ab8f6d,66167c20e10537e7c52103c9
6616809fe10537e8928bbfa9,66166582fc13ae7017ab9093,66167c20e10537e82b6ef78d
6616809fe10537e8928bbfaa,66166583fc13ae7017ab9274,66167c20e10537e80c7b869f
6616809fe10537e8928bbfab,66166581fc13ae7017ab8f64,66167c20e10537e7c2855baa
6616809fe10537e8928bbfac,66166583fc13ae7017ab9258,66167c20e10537e8a3bcf189
6616809fe10537e8928bbfad,66166582fc13ae7017ab905d,66167c20e10537e7916ba1e0
6616809fe10537e8928bbfae,66166583fc13ae7017ab91bc,66167c20e10537e73df52120
6616809fe10537e8928bbfaf,66166582fc13ae7017ab90af,66167c20e10537e72c310187
6616809fe10537e8928bbfb0,66166581fc13ae7017ab8ff6,66167c20e10537e7a67f3ebc
6616809fe10537e8928bbfb1,66166581fc13ae7017ab8f31,66167c20e10537e6d7ef1236
6616809fe10537e8928bbfb2,66166583fc13ae7017ab9264,66167c20e10537e80985c409
6616809fe10537e8928bbfb3,66166582fc13ae7017ab90f5,66167c20e10537e8c57ab3e8
6616809fe10537e8928bbfb4,66166582fc13ae7017ab9143,66167c20e10537e6f9e78669
6616809fe10537e8928bbfb5,66166583fc13ae7017ab926b,66167c20e10537e7b003c74e
6616809fe10537e8928bbfb6,66166583fc13ae7017ab929b,66167c20e10537e841ea2dd5
6616809fe10537e8928bbfb7,66166582fc13ae7017ab90c0,66167c20e10537e8b1b76003
6616809fe10537e8928bbfb8,66166581fc13ae7017ab8f89,66167c20e10537e83cb67476
6616809fe10537e8928bbfb9,66166583fc13ae7017ab9296,66167c20e10537e70a816c8d
6616809fe10537e8928bbfba,66166582fc13ae7017ab913d,66167c20e10537e770366221
6616809fe10537e8928bbfbb,66166582fc13ae7017ab905b,66167c20e10537e71b41aa82
6616809fe10537e8928bbfbc,66166583fc13ae7017ab92a8,66167c20e10537e8928bbf86
6616809fe10537e8928bbfbd,66166581fc13ae7017ab8f29,66167c20e10537e6c405f851
6616809fe10537e8928bbfbe,66166582fc13ae7017ab90d0,66167c20e10537e85f4fe4b0
6616809fe10537e8928bbfbf,66166583fc13ae7017ab91bf,66167c20e10537e7a3c972f6
6616809fe10537e8928bbfc0,66166583fc13ae7017ab924d,66167c20e10537e7714b2053
6616809fe10537e8928bbfc1,66166583fc13ae7017ab9201,66167c20e10537e752949fc5
6616809fe10537e8928bbfc2,66166581fc13ae7017ab8fb6,66167c20e10537e6dda6cc34
661680a0e10537e8928bbfc3,66166583fc13ae7017ab9269,66167c20e10537e6f9e78669
661680a0e10537e8928bbfc4,66166583fc13ae7017ab924d,66167c20e10537e7a67f3ebc
6616809fe10537e7c52103e9,66166582fc13ae7017ab911d,66167c20e10537e80985c409
6616809fe10537e7c52103ea,66166581fc13ae7017ab8fef,66167c20e10537e6c405f851
6616809fe10537e7c52103eb,66166582fc13ae7017ab90f8,66167c20e10537e82b6ef78d
6616809fe10537e7c52103ec,66166582fc13ae7017ab90f6,66167c20e10537e841ea2dd5
6616809fe10537e7c52103ed,66166583fc13ae7017ab9262,66167c20e10537e7a3c972f6
6616809fe10537e7c52103ee,66166582fc13ae7017ab9094,66167c20e10537e875099c2a
6616809fe10537e7c52103ef,66166582fc13ae7017ab9095,66167c20e10537e770366221
6616809fe10537e7c52103f0,66166582fc13ae7017ab9113,66167c20e10537e7714b2053
6616809fe10537e7c52103f1,66166581fc13ae7017ab8f5c,66167c20e10537e7916ba1e0
6616809fe10537e7c52103f2,66166583fc13ae7017ab919c,66167c20e10537e8b1b76003
6616809fe10537e7c52103f3,66166582fc13ae7017ab916b,66167c20e10537e80c7b869f
6616809fe10537e7c52103f4,66166582fc13ae7017ab9136,66167c20e10537e71b41aa82
6616809fe10537e7c52103f5,66166583fc13ae7017ab91d8,66167c20e10537e8a3bcf189
6616809fe10537e7c52103f6,66166582fc13ae7017ab9188,66167c20e10537e83cb67476
6616809fe10537e7c52103f7,66166583fc13ae7017ab9251,66167c20e10537e752949fc5
6616809fe10537e7c52103f8,66166581fc13ae7017ab8fb4,66167c20e10537e7c52103c9
6616809fe10537e7c52103f9,66166582fc13ae7017ab90ba,66167c20e10537e8928bbf86
6616809fe10537e7c52103fa,66166581fc13ae7017ab8fcb,66167c20e10537e7b003c74e
6616809fe10537e7c52103fb,66166582fc13ae7017ab902f,66167c20e10537e73df52120
6616809fe10537e7c52103fc,66166581fc13ae7017ab8f1a,66167c20e10537e70a816c8d
6616809fe10537e7c52103fd,66166583fc13ae7017ab9280,66167c20e10537e72c310187
6616809fe10537e7c52103fe,66166582fc13ae7017ab9195,66167c20e10537e7a67f3ebc
6616809fe10537e7c52103ff,66166581fc13ae7017ab8f38,66167c20e10537e6f9e78669
6616809fe10537e7c5210400,66166583fc13ae7017ab92d7,66167c20e10537e8c57ab3e8
6616809fe10537e7c5210401,66166583fc13ae7017ab9222,66167c20e10537e7c2855baa
6616809fe10537e7c5210402,66166583fc13ae7017ab929e,66167c20e10537e85f4fe4b0
6616809fe10537e7c5210403,66166582fc13ae7017ab916c,66167c20e10537e6dda6cc34
6616809fe10537e7c5210404,66166581fc13ae7017ab8fc5,66167c20e10537e6d7ef1236
6616809fe10537e7c5210405,66166581fc13ae7017ab8f6f,66167c20e10537e83e6ca509
661680a0e10537e7c5210406,66166581fc13ae7017ab8fdb,66167c20e10537e82b6ef78d
661680a0e10537e7c5210407,66166582fc13ae7017ab9066,66167c20e10537e6dda6cc34
6616809fe10537e71b41aaa2,66166583fc13ae7017ab91fa,66167c20e10537e6c405f851
6616809fe10537e71b41aaa3,66166581fc13ae7017ab8f3b,66167c20e10537e82b6ef78d
6616809fe10537e71b41aaa4,66166582fc13ae7017ab9145,66167c20e10537e752949fc5
6616809fe10537e71b41aaa5,66166581fc13ae7017ab900d,66167c20e10537e6d7ef1236
6616809fe10537e71b41aaa6,66166581fc13ae7017ab8f72,66167c20e10537e6f9e78669
6616809fe10537e71b41aaa7,66166583fc13ae7017ab91b9,66167c20e10537e6dda6cc34
6616809fe10537e71b41aaa8,66166582fc13ae7017ab916d,66167c20e10537e7c52103c9
6616809fe10537e71b41aaa9,66166581fc13ae7017ab8f52,66167c20e10537e7c2855baa
6616809fe10537e71b41aaaa,66166583fc13ae7017ab9219,66167c20e10537e841ea2dd5
6616809fe10537e71b41aaab,66166583fc13ae7017ab92cf,66167c20e10537e83e6ca509
6616809fe10537e71b41aaac,66166581fc13ae7017ab8f60,66167c20e10537e770366221
6616809fe10537e71b41aaad,66166582fc13ae7017ab9122,66167c20e10537e7a3c972f6
6616809fe10537e71b41aaae,66166581fc13ae7017ab8fc0,66167c20e10537e8928bbf86
6616809fe10537e71b41aaaf,66166582fc13ae7017ab918f,66167c20e10537e875099c2a
6616809fe10537e71b41aab0,66166583fc13ae7017ab921d,66167c20e10537e73df52120
6616809fe10537e71b41aab1,66166582fc13ae7017ab90ff,66167c20e10537e80c7b869f
6616809fe10537e71b41aab2,66166582fc13ae7017ab90c9,66167c20e10537e80985c409
6616809fe10537e71b41aab3,66166582fc13ae7017ab90c6,66167c20e10537e8a3bcf189
6616809fe10537e71b41aab4,66166581fc13ae7017ab8f30,66167c20e10537e83cb67476
6616809fe10537e71b41aab5,66166581fc13ae7017ab9015,66167c20e10537e85f4fe4b0
6616809fe10537e71b41aab6,66166582fc13ae7017ab90f5,66167c20e10537e7b003c74e
6616809fe10537e71b41aab7,66166583fc13ae7017ab921c,66167c20e10537e7a67f3ebc
6616809fe10537e71b41aab8,66166583fc13ae7017ab92e5,66167c20e10537e8b1b76003
6616809fe10537e71b41aab9,66166581fc13ae7017ab8f22,66167c20e10537e70a816c8d
6616809fe10537e71b41aaba,66166583fc13ae7017ab91a3,66167c20e10537e7916ba1e0
6616809fe10537e71b41aabb,66166583fc13ae7017ab92db,66167c20e10537e71b41aa82
6616809fe10537e71b41aabc,66166583fc13ae7017ab91f2,66167c20e10537e8c57ab3e8
6616809fe10537e71b41aabd,66166581fc13ae7017ab8f88,66167c20e10537e72c310187
6616809fe10537e71b41aabe,66166583fc13ae7017ab927a,66167c20e10537e7714b2053
661680a0e10537e71b41aabf,66166581fc13ae7017ab8ffb,66167c20e10537e80c7b869f
661680a0e10537e71b41aac0,66166583fc13ae7017ab9225,66167c20e10537e83cb67476
6616809fe10537e8a3bcf1a9,66166581fc13ae7017ab8fce,66167c20e10537e70a816c8d
6616809fe10537e8a3bcf1aa,66166583fc13ae7017ab927d,66167c20e10537e72c310187
6616809fe10537e8a3bcf1ab,66166582fc13ae7017ab9034,66167c20e10537e8c57ab3e8
6616809fe10537e8a3bcf1ac,66166582fc13ae7017ab9032,66167c20e10537e770366221
6616809fe10537e8a3bcf1ad,66166583fc13ae7017ab9283,66167c20e10537e7c2855baa
6616809fe10537e8a3bcf1ae,66166582fc13ae7017ab9074,66167c20e10537e8928bbf86
6616809fe10537e8a3bcf1af,66166581fc13ae7017ab8f60,66167c20e10537e7a3c972f6
6616809fe10537e8a3bcf1b0,66166583fc13ae7017ab921a,66167c20e10537e7b003c74e
6616809fe10537e8a3bcf1b1,66166582fc13ae7017ab90a2,66167c20e10537e875099c2a
6616809fe10537e8a3bcf1b2,66166583fc13ae7017ab91f6,66167c20e10537e7714b2053
6616809fe10537e8a3bcf1b3,66166583fc13ae7017ab92c7,66167c20e10537e85f4fe4b0
6616809fe10537e8a3bcf1b4,66166583fc13ae7017ab9271,66167c20e10537e8b1b76003
6616809fe10537e8a3bcf1b5,66166583fc13ae7017ab91cd,66167c20e10537e73df52120
6616809fe10537e8a3bcf1b6,66166583fc13ae7017ab9250,66167c20e10537e8a3bcf189
6616809fe10537e8a3bcf1b7,66166581fc13ae7017ab8f12,66167c20e10537e7916ba1e0
6616809fe10537e8a3bcf1b8,66166581fc13ae7017ab8fa8,66167c20e10537e6dda6cc34
6616809fe10537e8a3bcf1b9,66166581fc13ae7017ab8fa5,66167c20e10537e6f9e78669
6616809fe10537e8a3bcf1ba,66166583fc13ae7017ab91a7,66167c20e10537e841ea2dd5
6616809fe10537e8a3bcf1bb,66166583fc13ae7017ab9238,66167c20e10537e80c7b869f
6616809fe10537e8a3bcf1bc,66166581fc13ae7017ab8fcf,66167c20e10537e83cb67476
6616809fe10537e8a3bcf1bd,66166583fc13ae7017ab924a,66167c20e10537e83e6ca509
6616809fe10537e8a3bcf1be,66166582fc13ae7017ab90ab,66167c20e10537e80985c409
6616809fe10537e8a3bcf1bf,66166582fc13ae7017ab9046,66167c20e10537e82b6ef78d
6616809fe10537e8a3bcf1c0,66166583fc13ae7017ab9290,66167c20e10537e71b41aa82
6616809fe10537e8a3bcf1c1,66166583fc13ae7017ab91ac,66167c20e10537e6c405f851
6616809fe10537e8a3bcf1c2,66166581fc13ae7017ab8ff0,66167c20e10537e7c52103c9
6616809fe10537e8a3bcf1c3,66166581fc13ae7017ab8f4f,66167c20e10537e6d7ef1236
6616809fe10537e8a3bcf1c4,66166581fc13ae7017ab8fba,66167c20e10537e7a67f3ebc
6616809fe10537e8a3bcf1c5,66166583fc13ae7017ab92ba,66167c20e10537e752949fc5
661680a0e10537e8a3bcf1c6,66166582fc13ae7017ab917c,66167c20e10537e82b6ef78d
661680a0e10537e8a3bcf1c7,66166581fc13ae7017ab8f9b,66167c20e10537e71b41aa82
6616809fe10537e8b1b76023,66166581fc13ae7017ab9017,66167c20e10537e80985c409
6616809fe10537e8b1b76024,66166583fc13ae7017ab922d,66167c20e10537e80c7b869f
6616809fe10537e8b1b76025,66166583fc13ae7017ab91d3,66167c20e10537e7b003c74e
6616809fe10537e8b1b76026,66166581fc13ae7017ab8f62,66167c20e10537e8c57ab3e8
6616809fe10537e8b1b76027,66166582fc13ae7017ab90e5,66167c20e10537e85f4fe4b0
6616809fe10537e8b1b76028,66166581fc13ae7017ab8fd9,66167c20e10537e875099c2a
6616809fe10537e8b1b76029,66166581fc13ae7017ab8fb1,66167c20e10537e73df52120
6616809fe10537e8b1b7602a,66166582fc13ae7017ab916d,66167c20e10537e6d7ef1236
6616809fe10537e8b1b7602b,66166583fc13ae7017ab9261,66167c20e10537e841ea2dd5
6616809fe10537e8b1b7602c,66166583fc13ae7017ab91f6,66167c20e10537e6dda6cc34
6616809fe10537e8b1b7602d,66166581fc13ae7017ab8f29,66167c20e10537e8b1b76003
6616809fe10537e8b1b7602e,66166583fc13ae7017ab928e,66167c20e10537e7c2855baa
6616809fe10537e8b1b7602f,66166582fc13ae7017ab9178,66167c20e10537e82b6ef78d
6616809fe10537e8b1b76030,66166581fc13ae7017ab9009,66167c20e10537e6f9e78669
6616809fe10537e8b1b76031,66166583fc13ae7017ab91a2,66167c20e10537e6c405f851
6616809fe10537e8b1b76032,66166582fc13ae7017ab9070,66167c20e10537e7a67f3ebc
6616809fe10537e8b1b76033,66166582fc13ae7017ab90b9,66167c20e10537e8a3bcf189
6616809fe10537e8b1b76034,66166582fc13ae7017ab918c,66167c20e10537e7a3c972f6
6616809fe10537e8b1b76035,66166581fc13ae7017ab8f3a,66167c20e10537e770366221
6616809fe10537e8b1b76036,66166583fc13ae7017ab91be,66167c20e10537e83e6ca509
6616809fe10537e8b1b76037,66166581fc13ae7017ab8f13,66167c20e10537e7916ba1e0
6616809fe10537e8b1b76038,66166581fc13ae7017ab8f4b,66167c20e10537e70a816c8d
6616809fe10537e8b1b76039,66166581fc13ae7017ab8f1f,66167c20e10537e71b41aa82
6616809fe10537e8b1b7603a,66166583fc13ae7017ab927a,66167c20e10537e752949fc5
6616809fe10537e8b1b7603b,66166583fc13ae7017ab927b,66167c20e10537e7714b2053
6616809fe10537e8b1b7603c,66166582fc13ae7017ab9032,66167c20e10537e72c310187
6616809fe10537e8b1b7603d,66166583fc13ae7017ab925f,66167c20e10537e83cb67476
6616809fe10537e8b1b7603e,66166581fc13ae7017ab8f89,66167c20e10537e7c52103c9
6616809fe10537e8b1b7603f,66166581fc13ae7017ab8f59,66167c20e10537e8928bbf86
661680a0e10537e8b1b76040,66166581fc13ae7017ab8fb8,66167c20e10537e7c2855baa
661680a0e10537e8b1b76041,66166583fc13ae7017ab9212,66167c20e10537e70a816c8d
6616809fe10537e6c405f871,66166582fc13ae7017ab9178,66167c20e10537e83e6ca509
6616809fe10537e6c405f872,66166583fc13ae7017ab91cf,66167c20e10537e7a3c972f6
6616809fe10537e6c405f873,66166583fc13ae7017ab920d,66167c20e10537e7c2855baa
6616809fe10537e6c405f874,66166582fc13ae7017ab90f8,66167c20e10537e7714b2053
6616809fe10537e6c405f875,66166582fc13ae7017ab9150,66167c20e10537e6c405f851
6616809fe10537e6c405f876,66166582fc13ae7017ab90e1,66167c20e10537e752949fc5
6616809fe10537e6c405f877,66166582fc13ae7017ab914f,66167c20e10537e8c57ab3e8
6616809fe10537e6c405f878,66166582fc13ae7017ab90e8,66167c20e10537e8a3bcf189
6616809fe10537e6c405f879,66166582fc13ae7017ab907c,66167c20e10537e8928bbf86
6616809fe10537e6c405f87a,66166582fc13ae7017ab90bd,66167c20e10537e71b41aa82
6616809fe10537e6c405f87b,66166583fc13ae7017ab928d,66167c20e10537e83cb67476
6616809fe10537e6c405f87c,66166583fc13ae7017ab919e,66167c20e10537e7b003c74e
6616809fe10537e6c405f87d,66166582fc13ae7017ab918f,66167c20e10537e770366221
6616809fe10537e6c405f87e,66166583fc13ae7017ab9280,66167c20e10537e7916ba1e0
6616809fe10537e6c405f87f,66166581fc13ae7017ab8fc3,66167c20e10537e875099c2a
6616809fe10537e6c405f880,66166581fc13ae7017ab8f35,66167c20e10537e72c310187
6616809fe10537e6c405f881,66166582fc13ae7017ab914d,66167c20e10537e70a816c8d
6616809fe10537e6c405f882,66166582fc13ae7017ab915a,66167c20e10537e82b6ef78d
6616809fe10537e6c405f883,66166583fc13ae7017ab9233,66167c20e10537e6f9e78669
6616809fe10537e6c405f884,66166581fc13ae7017ab8f88,66167c20e10537e73df52120
6616809fe10537e6c405f885,66166582fc13ae7017ab910e,66167c20e10537e6d7ef1236
6616809fe10537e6c405f886,66166583fc13ae7017ab9288,66167c20e10537e7a67f3ebc
6616809fe10537e6c405f887,66166582fc13ae7017ab9094,66167c20e10537e80985c409
6616809fe10537e6c405f888,66166583fc13ae7017ab92dc,66167c20e10537e8b1b76003
6616809fe10537e6c405f889,66166581fc13ae7017ab8f62,66167c20e10537e7c52103c9
6616809fe10537e6c405f88a,66166583fc13ae7017ab92a9,66167c20e10537e841ea2dd5
6616809fe10537e6c405f88b,66166583fc13ae7017ab922d,66167c20e10537e80c7b869f
6616809fe10537e6c405f88c,66166582fc13ae7017ab9118,66167c20e10537e6dda6cc34
6616809fe10537e6c405f88d,66166582fc13ae7017ab903c,66167c20e10537e85f4fe4b0
661680a0e10537e6c405f88e,66166583fc13ae7017ab9213,66167c20e10537e7714b2053
661680a0e10537e6c405f88f,66166583fc13ae7017ab92c7,66167c20e10537e875099c2a
6616809fe10537e770366241,66166582fc13ae7017ab910c,66167c20e10537e6c405f851
6616809fe10537e770366242,66166582fc13ae7017ab90e9,66167c20e10537e7916ba1e0
6616809fe10537e770366243,66166582fc13ae7017ab9029,66167c20e10537e875099c2a
6616809fe10537e770366244,66166581fc13ae7017ab8fbe,66167c20e10537e73df52120
6616809fe10537e770366245,66166583fc13ae7017ab92a4,66167c20e10537e7a67f3ebc
6616809fe10537e770366246,66166583fc13ae7017ab9201,66167c20e10537e83cb67476
6616809fe10537e770366247,66166582fc13ae7017ab9051,66167c20e10537e7c52103c9
6616809fe10537e770366248,66166583fc13ae7017ab9248,66167c20e10537e6d7ef1236
6616809fe10537e770366249,66166583fc13ae7017ab92ef,66167c20e10537e841ea2dd5
6616809fe10537e77036624a,66166583fc13ae7017ab928b,66167c20e10537e8c57ab3e8
6616809fe10537e77036624b,66166583fc13ae7017ab928e,66167c20e10537e7b003c74e
6616809fe10537e77036624c,66166582fc13ae7017ab9042,66167c20e10537e752949fc5
6616809fe10537e77036624d,66166582fc13ae7017ab9160,66167c20e10537e7a3c972f6
6616809fe10537e77036624e,66166583fc13ae7017ab9211,66167c20e10537e8928bbf86
6616809fe10537e77036624f,66166581fc13ae7017ab8fac,66167c20e10537e80985c409
6616809fe10537e770366250,66166583fc13ae7017ab923f,66167c20e10537e82b6ef78d
6616809fe10537e770366251,66166583fc13ae7017ab92d9,66167c20e10537e8b1b76003
6616809fe10537e770366252,66166583fc13ae7017ab91c7,66167c20e10537e7714b2053
6616809fe10537e770366253,66166582fc13ae7017ab905d,66167c20e10537e8a3bcf189
6616809fe10537e770366254,66166583fc13ae7017ab9289,66167c20e10537e6dda6cc34
6616809fe10537e770366255,66166582fc13ae7017ab9163,66167c20e10537e80c7b869f
6616809fe10537e770366256,66166582fc13ae7017ab910e,66167c20e10537e6f9e78669
6616809fe10537e770366257,66166583fc13ae7017ab922d,66167c20e10537e83e6ca509
6616809fe10537e770366258,66166583fc13ae7017ab924f,66167c20e10537e85f4fe4b0
6616809fe10537e770366259,66166583fc13ae7017ab92e6,66167c20e10537e70a816c8d
6616809fe10537e77036625a,66166582fc13ae7017ab9145,66167c20e10537e7c2855baa
6616809fe10537e77036625b,66166583fc13ae7017ab920f,66167c20e10537e72c310187
6616809fe10537e77036625c,66166583fc13ae7017ab92c0,66167c20e10537e770366221
6616809fe10537e77036625d,66166582fc13ae7017ab90c2,66167c20e10537e71b41aa82
661680a0e10537e77036625e,66166581fc13ae7017ab8ff4,66167c20e10537e82b6ef78d
661680a0e10537e77036625f,66166582fc13ae7017ab909d,66167c20e10537e7a67f3ebc
6616809fe10537e7c2855bca,66166583fc13ae7017ab9254,66167c20e10537e70a816c8d
6616809fe10537e7c2855bcb,66166583fc13ae7017ab92cd,66167c20e10537e85f4fe4b0
6616809fe10537e7c2855bcc,66166582fc13ae7017ab902b,66167c20e10537e7b003c74e
6616809fe10537e7c2855bcd,66166581fc13ae7017ab8fb2,66167c20e10537e770366221
6616809fe10537e7c2855bce,66166582fc13ae7017ab9184,66167c20e10537e8b1b76003
6616809fe10537e7c2855bcf,66166582fc13ae7017ab90ba,66167c20e10537e8c57ab3e8
6616809fe10537e7c2855bd0,66166582fc13ae7017ab908e,66167c20e10537e7a67f3ebc
6616809fe10537e7c2855bd1,66166583fc13ae7017ab92e6,66167c20e10537e875099c2a
6616809fe10537e7c2855bd2,66166583fc13ae7017ab9261,66167c20e10537e6dda6cc34
6616809fe10537e7c2855bd3,66166581fc13ae7017ab8f4b,66167c20e10537e8a3bcf189
6616809fe10537e7c2855bd4,66166581fc13ae7017ab8f56,66167c20e10537e72c310187
6616809fe10537e7c2855bd5,66166582fc13ae7017ab907b,66167c20e10537e6d7ef1236
6616809fe10537e7c2855bd6,66166583fc13ae7017ab927e,66167c20e10537e82b6ef78d
6616809fe10537e7c2855bd7,66166582fc13ae7017ab90d5,66167c20e10537e6c405f851
6616809fe10537e7c2855bd8,66166581fc13ae7017ab8f3b,66167c20e10537e71b41aa82
6616809fe10537e7c2855bd9,66166581fc13ae7017ab8fe3,66167c20e10537e7916ba1e0
6616809fe10537e7c2855bda,66166583fc13ae7017ab91f0,66167c20e10537e7c2855baa
6616809fe10537e7c2855bdb,66166582fc13ae7017ab9092,66167c20e10537e83cb67476
6616809fe10537e7c2855bdc,66166583fc13ae7017ab9231,66167c20e10537e73df52120
6616809fe10537e7c2855bdd,66166581fc13ae7017ab8ff1,66167c20e10537e752949fc5
6616809fe10537e7c2855bde,66166582fc13ae7017ab9132,66167c20e10537e83e6ca509
6616809fe10537e7c2855bdf,66166581fc13ae7017ab8fe8,66167c20e10537e841ea2dd5
6616809fe10537e7c2855be0,66166582fc13ae7017ab903e,66167c20e10537e7a3c972f6
6616809fe10537e7c2855be1,66166581fc13ae7017ab900b,66167c20e10537e80c7b869f
6616809fe10537e7c2855be2,66166581fc13ae7017ab901a,66167c20e10537e8928bbf86
6616809fe10537e7c2855be3,66166581fc13ae7017ab8fec,66167c20e10537e7c52103c9
6616809fe10537e7c2855be4,66166583fc13ae7017ab91b8,66167c20e10537e6f9e78669
6616809fe10537e7c2855be5,66166583fc13ae7017ab928c,66167c20e10537e7714b2053
6616809fe10537e7c2855be6,66166581fc13ae7017ab8faa,66167c20e10537e80985c409
661680a0e10537e7c2855be7,66166583fc13ae7017ab9268,66167c20e10537e6f9e78669
661680a0e10537e7c2855be8,66166583fc13ae7017ab9208,66167c20e10537e80985c409
6616809fe10537e841ea2df5,66166583fc13ae7017ab9291,66167c20e10537e85f4fe4b0
6616809fe10537e841ea2df6,66166582fc13ae7017ab911b,66167c20e10537e8928bbf86
6616809fe10537e841ea2df7,66166582fc13ae7017ab9085,66167c20e10537e7c2855baa
6616809fe10537e841ea2df8,66166583fc13ae7017ab9276,66167c20e10537e70a816c8d
6616809fe10537e841ea2df9,66166583fc13ae7017ab92c5,66167c20e10537e8c57ab3e8
6616809fe10537e841ea2dfa,66166582fc13ae7017ab9161,66167c20e10537e6f9e78669
6616809fe10537e841ea2dfb,66166581fc13ae7017ab8ffb,66167c20e10537e6c405f851
6616809fe10537e841ea2dfc,66166581fc13ae7017ab8f7e,66167c20e10537e7c52103c9
6616809fe10537e841ea2dfd,66166582fc13ae7017ab9183,66167c20e10537e80c7b869f
6616809fe10537e841ea2dfe,66166582fc13ae7017ab90bb,66167c20e10537e8a3bcf189
6616809fe10537e841ea2dff,66166581fc13ae7017ab9016,66167c20e10537e83cb67476
6616809fe10537e841ea2e00,66166581fc13ae7017ab8fa1,66167c20e10537e770366221
6616809fe10537e841ea2e01,66166582fc13ae7017ab9117,66167c20e10537e7714b2053
6616809fe10537e841ea2e02,66166583fc13ae7017ab91f5,66167c20e10537e7b003c74e
6616809fe10537e841ea2e03,66166582fc13ae7017ab910c,66167c20e10537e82b6ef78d
6616809fe10537e841ea2e04,66166583fc13ae7017ab91a7,66167c20e10537e7916ba1e0
6616809fe10537e841ea2e05,66166581fc13ae7017ab8f83,66167c20e10537e8b1b76003
6616809fe10537e841ea2e06,66166581fc13ae7017ab8f57,66167c20e10537e841ea2dd5
6616809fe10537e841ea2e07,66166581fc13ae7017ab9009,66167c20e10537e72c310187
6616809fe10537e841ea2e08,66166581fc13ae7017ab8f3b,66167c20e10537e80985c409
6616809fe10537e841ea2e09,66166583fc13ae7017ab92d4,66167c20e10537e73df52120
6616809fe10537e841ea2e0a,66166583fc13ae7017ab92df,66167c20e10537e7a67f3ebc
6616809fe10537e841ea2e0b,66166582fc13ae7017ab9034,66167c20e10537e7a3c972f6
6616809fe10537e841ea2e0c,66166582fc13ae7017ab90ea,66167c20e10537e6d7ef1236
6616809fe10537e841ea2e0d,66166582fc13ae7017ab912b,66167c20e10537e71b41aa82
6616809fe10537e841ea2e0e,66166583fc13ae7017ab91ed,66167c20e10537e6dda6cc34
6616809fe10537e841ea2e0f,66166583fc13ae7017ab9242,66167c20e10537e875099c2a
6616809fe10537e841ea2e10,66166582fc13ae7017ab913e,66167c20e10537e83e6ca509
6616809fe10537e841ea2e11,66166583fc13ae7017ab9244,66167c20e10537e752949fc5
661680a0e10537e841ea2e12,66166581fc13ae7017ab8fe1,66167c20e10537e8c57ab3e8
661680a0e10537e841ea2e13,66166582fc13ae7017ab9028,66167c20e10537e80c7b869f
6616809fe10537e7a67f3edc,66166583fc13ae7017ab91ee,66167c20e10537e70a816c8d
6616809fe10537e7a67f3edd,66166583fc13ae7017ab91a3,66167c20e10537e752949fc5
6616809fe10537e7a67f3ede,66166582fc13ae7017ab9035,66167c20e10537e6dda6cc34
6616809fe10537e7a67f3edf,66166582fc13ae7017ab916d,66167c20e10537e8c57ab3e8
6616809fe10537e7a67f3ee0,66166581fc13ae7017ab8f3f,66167c20e10537e8b1b76003
6616809fe10537e7a67f3ee1,66166582fc13ae7017ab9065,66167c20e10537e770366221
6616809fe10537e7a67f3ee2,66166583fc13ae7017ab925a,66167c20e10537e7b003c74e
6616809fe10537e7a67f3ee3,66166581fc13ae7017ab8f98,66167c20e10537e6f9e78669
6616809fe10537e7a67f3ee4,66166581fc13ae7017ab8f65,66167c20e10537e82b6ef78d
6616809fe10537e7a67f3ee5,66166581fc13ae7017ab8f5d,66167c20e10537e7a3c972f6
6616809fe10537e7a67f3ee6,66166582fc13ae7017ab902a,66167c20e10537e71b41aa82
6616809fe10537e7a67f3ee7,66166582fc13ae7017ab909d,66167c20e10537e80985c409
661680a0e10537e7a67f3ee8,66166581fc13ae7017ab8ffd,66167c20e10537e7a67f3ebc
661680a0e10537e7a67f3ee9,66166582fc13ae7017ab912b,66167c20e10537e6c405f851
661680a0e10537e7a67f3eea,66166583fc13ae7017ab92d1,66167c20e10537e8928bbf86
661680a0e10537e7a67f3eeb,66166581fc13ae7017ab8fc9,66167c20e10537e7c2855baa
661680a0e10537e7a67f3eec,66166581fc13ae7017ab8f1d,66167c20e10537e85f4fe4b0
661680a0e10537e7a67f3eed,66166583fc13ae7017ab925b,66167c20e10537e72c310187
661680a0e10537e7a67f3eee,66166582fc13ae7017ab914d,66167c20e10537e6d7ef1236
661680a0e10537e7a67f3eef,66166582fc13ae7017ab9189,66167c20e10537e73df52120
661680a0e10537e7a67f3ef0,66166582fc13ae7017ab9164,66167c20e10537e7916ba1e0
661680a0e10537e7a67f3ef1,66166582fc13ae7017ab907e,66167c20e10537e83e6ca509
661680a0e10537e7a67f3ef2,66166582fc13ae7017ab90ad,66167c20e10537e875099c2a
661680a0e10537e7a67f3ef3,66166582fc13ae7017ab90ba,66167c20e10537e8a3bcf189
661680a0e10537e7a67f3ef4,66166582fc13ae7017ab9078,66167c20e10537e83cb67476
661680a0e10537e7a67f3ef5,66166582fc13ae7017ab904d,66167c20e10537e80c7b869f
661680a0e10537e7a67f3ef6,66166583fc13ae7017ab92c7,66167c20e10537e841ea2dd5
661680a0e10537e7a67f3ef7,66166583fc13ae7017ab91d6,66167c20e10537e7c52103c9
661680a0e10537e7a67f3ef8,66166582fc13ae7017ab90e3,66167c20e10537e7714b2053
661680a0e10537e7a67f3ef9,66166581fc13ae7017ab9010,66167c20e10537e70a816c8d
661680a0e10537e7a67f3efa,66166582fc13ae7017ab9113,66167c20e10537e71b41aa82
6616809fe10537e82b6ef7ad,66166583fc13ae7017ab928c,66167c20e10537e770366221
661680a0e10537e82b6ef7ae,66166583fc13ae7017ab920f,66167c20e10537e83cb67476
661680a0e10537e82b6ef7af,66166582fc13ae7017ab90b7,66167c20e10537e8a3bcf189
661680a0e10537e82b6ef7b0,66166582fc13ae7017ab9062,66167c20e10537e7b003c74e
661680a0e10537e82b6ef7b1,66166581fc13ae7017ab8f17,66167c20e10537e83e6ca509
661680a0e10537e82b6ef7b2,66166582fc13ae7017ab9070,66167c20e10537e752949fc5
661680a0e10537e82b6ef7b3,66166582fc13ae7017ab9144,66167c20e10537e80985c409
661680a0e10537e82b6ef7b4,66166581fc13ae7017ab8ff2,66167c20e10537e7c2855baa
661680a0e10537e82b6ef7b5,66166581fc13ae7017ab8f4a,66167c20e10537e875099c2a
661680a0e10537e82b6ef7b6,66166582fc13ae7017ab9169,66167c20e10537e8c57ab3e8
661680a0e10537e82b6ef7b7,66166581fc13ae7017ab8fb0,66167c20e10537e7c52103c9
661680a0e10537e82b6ef7b8,66166582fc13ae7017ab9182,66167c20e10537e72c310187
661680a0e10537e82b6ef7b9,66166583fc13ae7017ab9299,66167c20e10537e8928bbf86
661680a0e10537e82b6ef7ba,66166581fc13ae7017ab8f29,66167c20e10537e85f4fe4b0
661680a0e10537e82b6ef7bb,66166581fc13ae7017ab8faa,66167c20e10537e73df52120
661680a0e10537e82b6ef7bc,66166583fc13ae7017ab91c8,66167c20e10537e841ea2dd5
661680a0e10537e82b6ef7bd,66166583fc13ae7017ab91db,66167c20e10537e6f9e78669
661680a0e10537e82b6ef7be,66166581fc13ae7017ab8faa,66167c20e10537e6dda6cc34
661680a0e10537e82b6ef7bf,66166582fc13ae7017ab9036,66167c20e10537e6d7ef1236
661680a0e10537e82b6ef7c0,66166581fc13ae7017ab900c,66167c20e10537e6c405f851
661680a0e10537e82b6ef7c1,66166581fc13ae7017ab9014,66167c20e10537e70a816c8d
661680a0e10537e82b6ef7c2,66166582fc13ae7017ab90ba,66167c20e10537e7a3c972f6
661680a0e10537e82b6ef7c3,66166582fc13ae7017ab9069,66167c20e10537e82b6ef78d
661680a0e10537e82b6ef7c4,66166582fc13ae7017ab911c,66167c20e10537e80c7b869f
661680a0e10537e82b6ef7c5,66166581fc13ae7017ab901f,66167c20e10537e7714b2053
661680a0e10537e82b6ef7c6,66166582fc13ae7017ab9195,66167c20e10537e8b1b76003
661680a0e10537e82b6ef7c7,66166582fc13ae7017ab9098,66167c20e10537e7a67f3ebc
661680a0e10537e82b6ef7c8,66166581fc13ae7017ab8f2c,66167c20e10537e71b41aa82
661680a0e10537e82b6ef7c9,66166581fc13ae7017ab8fcf,66167c20e10537e7916ba1e0
661680a0e10537e82b6ef7ca,66166581fc13ae7017ab8fd3,66167c20e10537e82b6ef78d
661680a0e10537e82b6ef7cb,66166581fc13ae7017ab8f9c,66167c20e10537e7916ba1e0
6616809fe10537e80c7b86bf,66166583fc13ae7017ab9228,66167c20e10537e7916ba1e0
6616809fe10537e80c7b86c0,66166582fc13ae7017ab9052,66167c20e10537e7c2855baa
6616809fe10537e80c7b86c1,66166582fc13ae7017ab90e8,66167c20e10537e8a3bcf189
6616809fe10537e80c7b86c2,66166583fc13ae7017ab91ce,66167c20e10537e7c52103c9
6616809fe10537e80c7b86c3,66166583fc13ae7017ab927d,66167c20e10537e841ea2dd5
6616809fe10537e80c7b86c4,66166582fc13ae7017ab90eb,66167c20e10537e6dda6cc34
6616809fe10537e80c7b86c5,66166582fc13ae7017ab913f,66167c20e10537e82b6ef78d
6616809fe10537e80c7b86c6,66166582fc13ae7017ab906c,66167c20e10537e6c405f851
6616809fe10537e80c7b86c7,66166582fc13ae7017ab9135,66167c20e10537e6f9e78669
6616809fe10537e80c7b86c8,66166583fc13ae7017ab91c0,66167c20e10537e72c310187
6616809fe10537e80c7b86c9,66166583fc13ae7017ab92c7,66167c20e10537e875099c2a
6616809fe10537e80c7b86ca,66166581fc13ae7017ab8fd6,66167c20e10537e752949fc5
6616809fe10537e80c7b86cb,66166583fc13ae7017ab92b3,66167c20e10537e73df52120
6616809fe10537e80c7b86cc,66166581fc13ae7017ab8fc4,66167c20e10537e80985c409
6616809fe10537e80c7b86cd,66166582fc13ae7017ab917d,66167c20e10537e71b41aa82
6616809fe10537e80c7b86ce,66166583fc13ae7017ab921f,66167c20e10537e80c7b869f
6616809fe10537e80c7b86cf,66166583fc13ae7017ab9267,66167c20e10537e83e6ca509
6616809fe10537e80c7b86d0,66166583fc13ae7017ab9275,66167c20e10537e7a67f3ebc
6616809fe10537e80c7b86d1,66166582fc13ae7017ab9055,66167c20e10537e8928bbf86
6616809fe10537e80c7b86d2,66166583fc13ae7017ab9200,66167c20e10537e6d7ef1236
6616809fe10537e80c7b86d3,66166582fc13ae7017ab9027,66167c20e10537e8c57ab3e8
6616809fe10537e80c7b86d4,66166582fc13ae7017ab9028,66167c20e10537e7714b2053
6616809fe10537e80c7b86d5,66166583fc13ae7017ab9227,66167c20e10537e70a816c8d
6616809fe10537e80c7b86d6,66166583fc13ae7017ab9258,66167c20e10537e85f4fe4b0
6616809fe10537e80c7b86d7,66166581fc13ae7017ab8f48,66167c20e10537e7a3c972f6
6616809fe10537e80c7b86d8,66166583fc13ae7017ab9250,66167c20e10537e770366221
6616809fe10537e80c7b86d9,66166582fc13ae7017ab9068,66167c20e10537e7b003c74e
6616809fe10537e80c7b86da,66166583fc13ae7017ab92e5,66167c20e10537e8b1b76003
6616809fe10537e80c7b86db,66166582fc13ae7017ab90e6,66167c20e10537e83cb67476
661680a0e10537e80c7b86dc,66166581fc13ae7017ab8fcc,66167c20e10537e875099c2a
661680a0e10537e80c7b86dd,66166583fc13ae7017ab92e8,66167c20e10537e6dda6cc34
6616809fe10537e7b003c76e,66166581fc13ae7017ab8f20,66167c20e10537e73df52120
6616809fe10537e7b003c76f,66166582fc13ae7017ab9125,66167c20e10537e82b6ef78d
6616809fe10537e7b003c770,66166583fc13ae7017ab92b3,66167c20e10537e7a3c972f6
6616809fe10537e7b003c771,66166582fc13ae7017ab90df,66167c20e10537e8c57ab3e8
6616809fe10537e7b003c772,66166583fc13ae7017ab9240,66167c20e10537e875099c2a
6616809fe10537e7b003c773,66166583fc13ae7017ab91fd,66167c20e10537e85f4fe4b0
6616809fe10537e7b003c774,66166582fc13ae7017ab9126,66167c20e10537e7a67f3ebc
6616809fe10537e7b003c775,66166583fc13ae7017ab91bb,66167c20e10537e8928bbf86
6616809fe10537e7b003c776,66166582fc13ae7017ab90ce,66167c20e10537e80c7b869f
6616809fe10537e7b003c777,66166583fc13ae7017ab91dd,66167c20e10537e770366221
6616809fe10537e7b003c778,66166581fc13ae7017ab8f33,66167c20e10537e83e6ca509
6616809fe10537e7b003c779,66166581fc13ae7017ab900d,66167c20e10537e7c2855baa
6616809fe10537e7b003c77a,66166581fc13ae7017ab8fd6,66167c20e10537e7c52103c9
6616809fe10537e7b003c77b,66166583fc13ae7017ab91d5,66167c20e10537e841ea2dd5
6616809fe10537e7b003c77c,66166582fc13ae7017ab9173,66167c20e10537e7b003c74e
6616809fe10537e7b003c77d,66166582fc13ae7017ab9138,66167c20e10537e752949fc5
6616809fe10537e7b003c77e,66166582fc13ae7017ab906a,66167c20e10537e71b41aa82
6616809fe10537e7b003c77f,66166582fc13ae7017ab9159,66167c20e10537e6f9e78669
6616809fe10537e7b003c780,66166583fc13ae7017ab922f,66167c20e10537e83cb67476
6616809fe10537e7b003c781,66166583fc13ae7017ab91da,66167c20e10537e80985c409
6616809fe10537e7b003c782,66166583fc13ae7017ab919d,66167c20e10537e72c310187
6616809fe10537e7b003c783,66166582fc13ae7017ab9122,66167c20e10537e7916ba1e0
6616809fe10537e7b003c784,66166581fc13ae7017ab8f9e,66167c20e10537e6dda6cc34
6616809fe10537e7b003c785,66166583fc13ae7017ab92b2,66167c20e10537e8b1b76003
6616809fe10537e7b003c786,66166581fc13ae7017ab8f89,66167c20e10537e8a3bcf189
6616809fe10537e7b003c787,66166582fc13ae7017ab902e,66167c20e10537e6c405f851
6616809fe10537e7b003c788,66166582fc13ae7017ab90a5,66167c20e10537e70a816c8d
6616809fe10537e7b003c789,66166583fc13ae7017ab91fe,66167c20e10537e7714b2053
6616809fe10537e7b003c78a,66166583fc13ae7017ab91f8,66167c20e10537e6d7ef1236
661680a0e10537e7b003c78b,66166581fc13ae7017ab8f14,66167c20e10537e73df52120
661680a0e10537e7b003c78c,66166581fc13ae7017ab8f2b,66167c20e10537e6f9e78669
6616809fe10537e875099c4a,66166581fc13ae7017ab9008,66167c20e10537e752949fc5
6616809fe10537e875099c4b,66166582fc13ae7017ab90a5,66167c20e10537e82b6ef78d
6616809fe10537e875099c4c,66166583fc13ae7017ab92aa,66167c20e10537e8a3bcf189
6616809fe10537e875099c4d,66166581fc13ae7017ab8f9c,66167c20e10537e770366221
6616809fe10537e875099c4e,66166582fc13ae7017ab9179,66167c20e10537e72c310187
6616809fe10537e875099c4f,66166582fc13ae7017ab9061,66167c20e10537e7c2855baa
6616809fe10537e875099c50,66166583fc13ae7017ab9197,66167c20e10537e85f4fe4b0
6616809fe10537e875099c51,66166581fc13ae7017ab8f7a,66167c20e10537e83cb67476
6616809fe10537e875099c52,66166582fc13ae7017ab9184,66167c20e10537e7916ba1e0
6616809fe10537e875099c53,66166581fc13ae7017ab8f5c,66167c20e10537e8c57ab3e8
6616809fe10537e875099c54,66166583fc13ae7017ab92d7,66167c20e10537e83e6ca509
6616809fe10537e875099c55,66166583fc13ae7017ab91da,66167c20e10537e7c52103c9
6616809fe10537e875099c56,66166583fc13ae7017ab9252,66167c20e10537e6d7ef1236
6616809fe10537e875099c57,66166582fc13ae7017ab90c1,66167c20e10537e841ea2dd5
6616809fe10537e875099c58,66166583fc13ae7017ab91cb,66167c20e10537e6dda6cc34
6616809fe10537e875099c59,66166581fc13ae7017ab8f75,66167c20e10537e6c405f851
6616809fe10537e875099c5a,66166581fc13ae7017ab8ff6,66167c20e10537e73df52120
6616809fe10537e875099c5b,66166582fc13ae7017ab9159,66167c20e10537e7714b2053
6616809fe10537e875099c5c,66166583fc13ae7017ab92ba,66167c20e10537e875099c2a
6616809fe10537e875099c5d,66166583fc13ae7017ab919d,66167c20e10537e7a67f3ebc
6616809fe10537e875099c5e,66166583fc13ae7017ab91af,66167c20e10537e8b1b76003
6616809fe10537e875099c5f,66166583fc13ae7017ab91fb,66167c20e10537e80c7b869f
6616809fe10537e875099c60,66166581fc13ae7017ab8f99,66167c20e10537e70a816c8d
6616809fe10537e875099c61,66166582fc13ae7017ab904c,66167c20e10537e71b41aa82
6616809fe10537e875099c62,66166582fc13ae7017ab9145,66167c20e10537e8928bbf86
6616809fe10537e875099c63,66166583fc13ae7017ab9205,66167c20e10537e6f9e78669
6616809fe10537e875099c64,66166583fc13ae7017ab9234,66167c20e10537e7a3c972f6
6616809fe10537e875099c65,66166582fc13ae7017ab9123,66167c20e10537e80985c409
6616809fe10537e875099c66,66166583fc13ae7017ab91aa,66167c20e10537e7b003c74e
661680a0e10537e875099c67,66166582fc13ae7017ab914b,66167c20e10537e73df52120
661680a0e10537e875099c68,66166581fc13ae7017ab8fb5,66167c20e10537e72c310187
6616809fe10537e752949fe5,66166581fc13ae7017ab8f75,66167c20e10537e875099c2a
6616809fe10537e752949fe6,66166581fc13ae7017ab8f35,66167c20e10537e72c310187
6616809fe10537e752949fe7,66166582fc13ae7017ab902c,66167c20e10537e7c52103c9
6616809fe10537e752949fe8,66166581fc13ae7017ab8f33,66167c20e10537e7b003c74e
6616809fe10537e752949fe9,66166583fc13ae7017ab9255,66167c20e10537e7c2855baa
6616809fe10537e752949fea,66166582fc13ae7017ab90f8,66167c20e10537e7714b2053
6616809fe10537e752949feb,66166581fc13ae7017ab900d,66167c20e10537e80985c409
6616809fe10537e752949fec,66166583fc13ae7017ab91e5,66167c20e10537e752949fc5
6616809fe10537e752949fed,66166583fc13ae7017ab926c,66167c20e10537e8928bbf86
6616809fe10537e752949fee,66166582fc13ae7017ab90b5,66167c20e10537e7a3c972f6
6616809fe10537e752949fef,66166581fc13ae7017ab8ff1,66167c20e10537e83e6ca509
6616809fe10537e752949ff0,66166581fc13ae7017ab8f2d,66167c20e10537e83cb67476
6616809fe10537e752949ff1,66166581fc13ae7017ab8f1d,66167c20e10537e71b41aa82
6616809fe10537e752949ff2,66166582fc13ae7017ab9040,66167c20e10537e73df52120
6616809fe10537e752949ff3,66166582fc13ae7017ab90fe,66167c20e10537e6d7ef1236
6616809fe10537e752949ff4,66166581fc13ae7017ab8f76,66167c20e10537e6c405f851
6616809fe10537e752949ff5,66166583fc13ae7017ab91e1,66167c20e10537e8b1b76003
6616809fe10537e752949ff6,66166582fc13ae7017ab9106,66167c20e10537e80c7b869f
6616809fe10537e752949ff7,66166581fc13ae7017ab9002,66167c20e10537e7916ba1e0
6616809fe10537e752949ff8,66166582fc13ae7017ab90b3,66167c20e10537e841ea2dd5
6616809fe10537e752949ff9,66166583fc13ae7017ab9223,66167c20e10537e70a816c8d
6616809fe10537e752949ffa,66166582fc13ae7017ab908a,66167c20e10537e6dda6cc34
6616809fe10537e752949ffb,66166581fc13ae7017ab8f47,66167c20e10537e85f4fe4b0
6616809fe10537e752949ffc,66166582fc13ae7017ab90a2,66167c20e10537e82b6ef78d
6616809fe10537e752949ffd,66166582fc13ae7017ab90d2,66167c20e10537e8a3bcf189
6616809fe10537e752949ffe,66166581fc13ae7017ab9011,66167c20e10537e7a67f3ebc
6616809fe10537e752949fff,66166582fc13ae7017ab9105,66167c20e10537e770366221
6616809fe10537e75294a000,66166581fc13ae7017ab8f48,66167c20e10537e6f9e78669
6616809fe10537e75294a001,66166582fc13ae7017ab907f,66167c20e10537e8c57ab3e8
661680a0e10537e75294a002,66166582fc13ae7017ab9125,66167c20e10537e6d7ef1236
661680a0e10537e75294a003,66166582fc13ae7017ab9154,66167c20e10537e841ea2dd5
6616809fe10537e6d7ef1256,66166582fc13ae7017ab90c7,66167c20e10537e752949fc5
6616809fe10537e6d7ef1257,66166583fc13ae7017ab9206,66167c20e10537e7b003c74e
6616809fe10537e6d7ef1258,66166581fc13ae7017ab9015,66167c20e10537e770366221
6616809fe10537e6d7ef1259,66166583fc13ae7017ab9225,66167c20e10537e7714b2053
6616809fe10537e6d7ef125a,66166583fc13ae7017ab91ef,66167c20e10537e8b1b76003
6616809fe10537e6d7ef125b,66166581fc13ae7017ab8ff4,66167c20e10537e80c7b869f
6616809fe10537e6d7ef125c,66166582fc13ae7017ab9156,66167c20e10537e7916ba1e0
6616809fe10537e6d7ef125d,66166582fc13ae7017ab918f,66167c20e10537e82b6ef78d
6616809fe10537e6d7ef125e,66166583fc13ae7017ab91f0,66167c20e10537e80985c409
6616809fe10537e6d7ef125f,66166582fc13ae7017ab90bb,66167c20e10537e6f9e78669
6616809fe10537e6d7ef1260,66166582fc13ae7017ab9108,66167c20e10537e7c2855baa
6616809fe10537e6d7ef1261,66166583fc13ae7017ab92d2,66167c20e10537e7a3c972f6
6616809fe10537e6d7ef1262,66166581fc13ae7017ab8fe2,66167c20e10537e8928bbf86
6616809fe10537e6d7ef1263,66166581fc13ae7017ab8f6b,66167c20e10537e83cb67476
6616809fe10537e6d7ef1264,66166582fc13ae7017ab9165,66167c20e10537e73df52120
6616809fe10537e6d7ef1265,66166582fc13ae7017ab90f6,66167c20e10537e70a816c8d
6616809fe10537e6d7ef1266,66166583fc13ae7017ab91ae,66167c20e10537e83e6ca509
6616809fe10537e6d7ef1267,66166583fc13ae7017ab91f5,66167c20e10537e72c310187
6616809fe10537e6d7ef1268,66166583fc13ae7017ab9238,66167c20e10537e841ea2dd5
6616809fe10537e6d7ef1269,66166583fc13ae7017ab9267,66167c20e10537e6dda6cc34
6616809fe10537e6d7ef126a,66166583fc13ae7017ab9270,66167c20e10537e85f4fe4b0
6616809fe10537e6d7ef126b,66166583fc13ae7017ab928c,66167c20e10537e8a3bcf189
6616809fe10537e6d7ef126c,66166582fc13ae7017ab90a2,66167c20e10537e7c52103c9
6616809fe10537e6d7ef126d,66166581fc13ae7017ab8f66,66167c20e10537e71b41aa82
6616809fe10537e6d7ef126e,66166582fc13ae7017ab903e,66167c20e10537e8c57ab3e8
6616809fe10537e6d7ef126f,66166583fc13ae7017ab92c8,66167c20e10537e875099c2a
6616809fe10537e6d7ef1270,66166582fc13ae7017ab9064,66167c20e10537e6c405f851
6616809fe10537e6d7ef1271,66166581fc13ae7017ab9024,66167c20e10537e6d7ef1236
6616809fe10537e6d7ef1272,66166583fc13ae7017ab92a8,66167c20e10537e7a67f3ebc
661680a0e10537e6d7ef1273,66166583fc13ae7017ab929e,66167c20e10537e7c2855baa
661680a0e10537e6d7ef1274,66166582fc13ae7017ab9047,66167c20e10537e8b1b76003
6616809fe10537e6dda6cc54,66166582fc13ae7017ab9044,66167c20e10537e7714b2053
6616809fe10537e6dda6cc55,66166583fc13ae7017ab91a2,66167c20e10537e80985c409
6616809fe10537e6dda6cc56,66166583fc13ae7017ab92be,66167c20e10537e6f9e78669
6616809fe10537e6dda6cc57,66166582fc13ae7017ab90a3,66167c20e10537e83cb67476
6616809fe10537e6dda6cc58,66166583fc13ae7017ab91ae,66167c20e10537e70a816c8d
6616809fe10537e6dda6cc59,66166581fc13ae7017ab8f6d,66167c20e10537e875099c2a
6616809fe10537e6dda6cc5a,66166581fc13ae7017ab8fe4,66167c20e10537e6d7ef1236
6616809fe10537e6dda6cc5b,66166581fc13ae7017ab8f62,66167c20e10537e72c310187
6616809fe10537e6dda6cc5c,66166583fc13ae7017ab91a1,66167c20e10537e82b6ef78d
6616809fe10537e6dda6cc5d,66166581fc13ae7017ab8fba,66167c20e10537e7a67f3ebc
6616809fe10537e6dda6cc5e,66166581fc13ae7017ab9022,66167c20e10537e8c57ab3e8
6616809fe10537e6dda6cc5f,66166582fc13ae7017ab90ef,66167c20e10537e752949fc5
6616809fe10537e6dda6cc60,66166582fc13ae7017ab9114,66167c20e10537e6dda6cc34
6616809fe10537e6dda6cc61,66166582fc13ae7017ab9123,66167c20e10537e770366221
6616809fe10537e6dda6cc62,66166581fc13ae7017ab8f41,66167c20e10537e71b41aa82
6616809fe10537e6dda6cc63,66166582fc13ae7017ab9098,66167c20e10537e7916ba1e0
6616809fe10537e6dda6cc64,66166581fc13ae7017ab8f59,66167c20e10537e73df52120
6616809fe10537e6dda6cc65,66166582fc13ae7017ab902e,66167c20e10537e8a3bcf189
6616809fe10537e6dda6cc66,66166583fc13ae7017ab91b2,66167c20e10537e8928bbf86
6616809fe10537e6dda6cc67,66166583fc13ae7017ab92d6,66167c20e10537e8b1b76003
6616809fe10537e6dda6cc68,66166583fc13ae7017ab9282,66167c20e10537e7c2855baa
6616809fe10537e6dda6cc69,66166582fc13ae7017ab9193,66167c20e10537e841ea2dd5
6616809fe10537e6dda6cc6a,66166583fc13ae7017ab92a6,66167c20e10537e80c7b869f
6616809fe10537e6dda6cc6b,66166581fc13ae7017ab8fa2,66167c20e10537e7a3c972f6
6616809fe10537e6dda6cc6c,66166582fc13ae7017ab9083,66167c20e10537e6c405f851
6616809fe10537e6dda6cc6d,66166582fc13ae7017ab90b6,66167c20e10537e85f4fe4b0
6616809fe10537e6dda6cc6e,66166582fc13ae7017ab9095,66167c20e10537e7b003c74e
6616809fe10537e6dda6cc6f,66166583fc13ae7017ab92e3,66167c20e10537e7c52103c9
6616809fe10537e6dda6cc70,66166583fc13ae7017ab9233,66167c20e10537e83e6ca509
661680a0e10537e6dda6cc71,66166583fc13ae7017ab9245,66167c20e10537e6f9e78669
661680a0e10537e6dda6cc72,66166583fc13ae7017ab91e0,66167c20e10537e752949fc5
6616809fe10537e7714b2073,66166581fc13ae7017ab8fde,66167c20e10537e71b41aa82
6616809fe10537e7714b2074,66166581fc13ae7017ab8ff8,66167c20e10537e6c405f851
6616809fe10537e7714b2075,66166582fc13ae7017ab902e,66167c20e10537e8a3bcf189
6616809fe10537e7714b2076,66166582fc13ae7017ab90fe,66167c20e10537e70a816c8d
6616809fe10537e7714b2077,66166581fc13ae7017ab8fd9,66167c20e10537e83cb67476
6616809fe10537e7714b2078,66166583fc13ae7017ab929a,66167c20e10537e8b1b76003
6616809fe10537e7714b2079,66166583fc13ae7017ab92d9,66167c20e10537e8c57ab3e8
6616809fe10537e7714b207a,66166581fc13ae7017ab8f4d,66167c20e10537e83e6ca509
6616809fe10537e7714b207b,66166581fc13ae7017ab8fce,66167c20e10537e73df52120
6616809fe10537e7714b207c,66166581fc13ae7017ab8f4c,66167c20e10537e6dda6cc34
6616809fe10537e7714b207d,66166583fc13ae7017ab9234,66167c20e10537e7b003c74e
6616809fe10537e7714b207e,66166581fc13ae7017ab8ffc,66167c20e10537e82b6ef78d
6616809fe10537e7714b207f,66166581fc13ae7017ab8faa,66167c20e10537e8928bbf86
6616809fe10537e7714b2080,66166581fc13ae7017ab8f7e,66167c20e10537e7714b2053
6616809fe10537e7714b2081,66166581fc13ae7017ab8fb0,66167c20e10537e7c2855baa
6616809fe10537e7714b2082,66166581fc13ae7017ab8f79,66167c20e10537e841ea2dd5
6616809fe10537e7714b2083,66166583fc13ae7017ab92a3,66167c20e10537e85f4fe4b0
6616809fe10537e7714b2084,66166583fc13ae7017ab928e,66167c20e10537e875099c2a
6616809fe10537e7714b2085,66166582fc13ae7017ab9038,66167c20e10537e80c7b869f
6616809fe10537e7714b2086,66166583fc13ae7017ab91b9,66167c20e10537e752949fc5
6616809fe10537e7714b2087,66166583fc13ae7017ab9206,66167c20e10537e7c52103c9
6616809fe10537e7714b2088,66166581fc13ae7017ab8f87,66167c20e10537e770366221
6616809fe10537e7714b2089,66166582fc13ae7017ab90f6,66167c20e10537e6f9e78669
6616809fe10537e7714b208a,66166582fc13ae7017ab914c,66167c20e10537e7a67f3ebc
6616809fe10537e7714b208b,66166582fc13ae7017ab916e,66167c20e10537e6d7ef1236
6616809fe10537e7714b208c,66166581fc13ae7017ab8f17,66167c20e10537e72c310187
6616809fe10537e7714b208d,66166581fc13ae7017ab8f61,66167c20e10537e7a3c972f6
6616809fe10537e7714b208e,66166582fc13ae7017ab90c6,66167c20e10537e7916ba1e0
6616809fe10537e7714b208f,66166581fc13ae7017ab8fb0,66167c20e10537e80985c409
661680a0e10537e7714b2090,66166582fc13ae7017ab904a,66167c20e10537e8928bbf86
661680a0e10537e7714b2091,66166583fc13ae7017ab923a,66167c20e10537e8a3bcf189
6616809fe10537e72c3101a7,66166582fc13ae7017ab918b,66167c20e10537e8b1b76003
6616809fe10537e72c3101a8,66166583fc13ae7017ab9262,66167c20e10537e7916ba1e0
6616809fe10537e72c3101a9,66166582fc13ae7017ab9047,66167c20e10537e875099c2a
6616809fe10537e72c3101aa,66166582fc13ae7017ab9030,66167c20e10537e73df52120
6616809fe10537e72c3101ab,66166583fc13ae7017ab919b,66167c20e10537e770366221
6616809fe10537e72c3101ac,66166582fc13ae7017ab90ad,66167c20e10537e82b6ef78d
6616809fe10537e72c3101ad,66166583fc13ae7017ab91b2,66167c20e10537e83cb67476
6616809fe10537e72c3101ae,66166582fc13ae7017ab907f,66167c20e10537e8c57ab3e8
6616809fe10537e72c3101af,66166582fc13ae7017ab9150,66167c20e10537e7a3c972f6
6616809fe10537e72c3101b0,66166583fc13ae7017ab91b7,66167c20e10537e7a67f3ebc
6616809fe10537e72c3101b1,66166581fc13ae7017ab8fcd,66167c20e10537e8928bbf86
6616809fe10537e72c3101b2,66166583fc13ae7017ab922d,66167c20e10537e70a816c8d
6616809fe10537e72c3101b3,66166583fc13ae7017ab92b3,66167c20e10537e6c405f851
6616809fe10537e72c3101b4,66166581fc13ae7017ab8f7d,66167c20e10537e72c310187
6616809fe10537e72c3101b5,66166583fc13ae7017ab9292,66167c20e10537e752949fc5
6616809fe10537e72c3101b6,66166583fc13ae7017ab92ce,66167c20e10537e6f9e78669
6616809fe10537e72c3101b7,66166582fc13ae7017ab910c,66167c20e10537e85f4fe4b0
6616809fe10537e72c3101b8,66166581fc13ae7017ab8fa3,66167c20e10537e7c52103c9
6616809fe10537e72c3101b9,66166583fc13ae7017ab9254,66167c20e10537e80985c409
6616809fe10537e72c3101ba,66166581fc13ae7017ab8faa,66167c20e10537e8a3bcf189
6616809fe10537e72c3101bb,66166583fc13ae7017ab9246,66167c20e10537e80c7b869f
6616809fe10537e72c3101bc,66166582fc13ae7017ab909d,66167c20e10537e6d7ef1236
6616809fe10537e72c3101bd,66166581fc13ae7017ab8f3b,66167c20e10537e7714b2053
6616809fe10537e72c3101be,66166583fc13ae7017ab9240,66167c20e10537e7b003c74e
6616809fe10537e72c3101bf,66166581fc13ae7017ab8fdd,66167c20e10537e83e6ca509
6616809fe10537e72c3101c0,66166583fc13ae7017ab91bf,66167c20e10537e71b41aa82
6616809fe10537e72c3101c1,66166581fc13ae7017ab8f62,66167c20e10537e6dda6cc34
6616809fe10537e72c3101c2,66166582fc13ae7017ab90f0,66167c20e10537e841ea2dd5
6616809fe10537e72c3101c3,66166583fc13ae7017ab91ea,66167c20e10537e7c2855baa
661680a0e10537e72c3101c4,66166583fc13ae7017ab9249,66167c20e10537e6f9e78669
661680a0e10537e72c3101c5,66166581fc13ae7017ab8f9a,66167c20e10537e7b003c74e
6616809fe10537e6f9e78689,66166582fc13ae7017ab916c,66167c20e10537e83e6ca509
6616809fe10537e6f9e7868a,66166583fc13ae7017ab922e,66167c20e10537e7a67f3ebc
6616809fe10537e6f9e7868b,66166581fc13ae7017ab8fc9,66167c20e10537e6dda6cc34
6616809fe10537e6f9e7868c,66166581fc13ae7017ab8fa2,66167c20e10537e85f4fe4b0
6616809fe10537e6f9e7868d,66166581fc13ae7017ab8f16,66167c20e10537e752949fc5
6616809fe10537e6f9e7868e,66166581fc13ae7017ab8fa3,66167c20e10537e73df52120
6616809fe10537e6f9e7868f,66166583fc13ae7017ab9267,66167c20e10537e8c57ab3e8
6616809fe10537e6f9e78690,66166581fc13ae7017ab8f3b,66167c20e10537e770366221
6616809fe10537e6f9e78691,66166583fc13ae7017ab924d,66167c20e10537e841ea2dd5
6616809fe10537e6f9e78692,66166583fc13ae7017ab926c,66167c20e10537e8b1b76003
6616809fe10537e6f9e78693,66166582fc13ae7017ab9186,66167c20e10537e72c310187
6616809fe10537e6f9e78694,66166581fc13ae7017ab8ff4,66167c20e10537e80c7b869f
6616809fe10537e6f9e78695,66166581fc13ae7017ab8fc0,66167c20e10537e875099c2a
6616809fe10537e6f9e78696,66166582fc13ae7017ab90cd,66167c20e10537e7916ba1e0
6616809fe10537e6f9e78697,66166583fc13ae7017ab91d0,66167c20e10537e7c2855baa
6616809fe10537e6f9e78698,66166582fc13ae7017ab906a,66167c20e10537e82b6ef78d
6616809fe10537e6f9e78699,66166582fc13ae7017ab90c3,66167c20e10537e6d7ef1236
6616809fe10537e6f9e7869a,66166583fc13ae7017ab923c,66167c20e10537e71b41aa82
6616809fe10537e6f9e7869b,66166582fc13ae7017ab90aa,66167c20e10537e6f9e78669
6616809fe10537e6f9e7869c,66166582fc13ae7017ab9187,66167c20e10537e7714b2053
6616809fe10537e6f9e7869d,66166582fc13ae7017ab90ae,66167c20e10537e80985c409
6616809fe10537e6f9e7869e,66166582fc13ae7017ab9145,66167c20e10537e70a816c8d
6616809fe10537e6f9e7869f,66166582fc13ae7017ab905d,66167c20e10537e7b003c74e
6616809fe10537e6f9e786a0,66166583fc13ae7017ab92a6,66167c20e10537e83cb67476
6616809fe10537e6f9e786a1,66166582fc13ae7017ab9156,66167c20e10537e6c405f851
6616809fe10537e6f9e786a2,66166582fc13ae7017ab9192,66167c20e10537e7a3c972f6
6616809fe10537e6f9e786a3,66166583fc13ae7017ab919c,66167c20e10537e8a3bcf189
6616809fe10537e6f9e786a4,66166583fc13ae7017ab9297,66167c20e10537e8928bbf86
6616809fe10537e6f9e786a5,66166581fc13ae7017ab8fa7,66167c20e10537e7c52103c9
661680a0e10537e6f9e786a6,66166582fc13ae7017ab90cf,66167c20e10537e85f4fe4b0
661680a0e10537e6f9e786a7,66166583fc13ae7017ab9206,66167c20e10537e80c7b869f
6616809fe10537e80985c429,66166583fc13ae7017ab9289,66167c20e10537e70a816c8d
6616809fe10537e80985c42a,66166582fc13ae7017ab90c9,66167c20e10537e8c57ab3e8
6616809fe10537e80985c42b,66166581fc13ae7017ab8ff8,66167c20e10537e7c2855baa
6616809fe10537e80985c42c,66166582fc13ae7017ab905e,66167c20e10537e6c405f851
6616809fe10537e80985c42d,66166583fc13ae7017ab91c9,66167c20e10537e7714b2053
6616809fe10537e80985c42e,66166582fc13ae7017ab90c9,66167c20e10537e85f4fe4b0
6616809fe10537e80985c42f,66166583fc13ae7017ab9255,66167c20e10537e8a3bcf189
6616809fe10537e80985c430,66166583fc13ae7017ab91de,66167c20e10537e841ea2dd5
6616809fe10537e80985c431,66166581fc13ae7017ab8fe3,66167c20e10537e7b003c74e
6616809fe10537e80985c432,66166582fc13ae7017ab915a,66167c20e10537e8928bbf86
6616809fe10537e80985c433,66166582fc13ae7017ab911f,66167c20e10537e7a67f3ebc
6616809fe10537e80985c434,66166583fc13ae7017ab9226,66167c20e10537e71b41aa82
6616809fe10537e80985c435,66166583fc13ae7017ab92bd,66167c20e10537e8b1b76003
6616809fe10537e80985c436,66166582fc13ae7017ab916b,66167c20e10537e6d7ef1236
6616809fe10537e80985c437,66166582fc13ae7017ab9112,66167c20e10537e770366221
6616809fe10537e80985c438,66166583fc13ae7017ab91df,66167c20e10537e83e6ca509
6616809fe10537e80985c439,66166581fc13ae7017ab8f61,66167c20e10537e6dda6cc34
6616809fe10537e80985c43a,66166583fc13ae7017ab92ad,66167c20e10537e80c7b869f
6616809fe10537e80985c43b,66166581fc13ae7017ab900b,66167c20e10537e7916ba1e0
6616809fe10537e80985c43c,66166582fc13ae7017ab90b5,66167c20e10537e83cb67476
6616809fe10537e80985c43d,66166582fc13ae7017ab9151,66167c20e10537e82b6ef78d
6616809fe10537e80985c43e,66166583fc13ae7017ab91ea,66167c20e10537e7c52103c9
6616809fe10537e80985c43f,66166583fc13ae7017ab91c7,66167c20e10537e875099c2a
6616809fe10537e80985c440,66166582fc13ae7017ab915e,66167c20e10537e7a3c972f6
6616809fe10537e80985c441,66166581fc13ae7017ab8f2c,66167c20e10537e80985c409
6616809fe10537e80985c442,66166581fc13ae7017ab8f60,66167c20e10537e72c310187
6616809fe10537e80985c443,66166583fc13ae7017ab92ab,66167c20e10537e6f9e78669
6616809fe10537e80985c444,66166582fc13ae7017ab9038,66167c20e10537e752949fc5
6616809fe10537e80985c445,66166583fc13ae7017ab92d8,66167c20e10537e73df52120
661680a0e10537e80985c446,66166583fc13ae7017ab920b,66167c20e10537e6dda6cc34
661680a0e10537e80985c447,66166582fc13ae7017ab9158,66167c20e10537e73df52120
6616809fe10537e73df52140,66166583fc13ae7017ab92c8,66167c20e10537e7714b2053
6616809fe10537e73df52141,66166583fc13ae7017ab9253,66167c20e10537e7c2855baa
6616809fe10537e73df52142,66166582fc13ae7017ab9196,66167c20e10537e6d7ef1236
6616809fe10537e73df52143,66166581fc13ae7017ab8fdb,66167c20e10537e83e6ca509
6616809fe10537e73df52144,66166581fc13ae7017ab8ff9,66167c20e10537e7916ba1e0
6616809fe10537e73df52145,66166583fc13ae7017ab92d1,66167c20e10537e83cb67476
6616809fe10537e73df52146,66166581fc13ae7017ab8faa,66167c20e10537e6c405f851
6616809fe10537e73df52147,66166581fc13ae7017ab8ff0,66167c20e10537e71b41aa82
6616809fe10537e73df52148,66166582fc13ae7017ab90f0,66167c20e10537e70a816c8d
6616809fe10537e73df52149,66166581fc13ae7017ab901b,66167c20e10537e8c57ab3e8
6616809fe10537e73df5214a,66166582fc13ae7017ab90bb,66167c20e10537e7b003c74e
6616809fe10537e73df5214b,66166582fc13ae7017ab9144,66167c20e10537e80985c409
6616809fe10537e73df5214c,66166583fc13ae7017ab9293,66167c20e10537e841ea2dd5
6616809fe10537e73df5214d,66166582fc13ae7017ab903c,66167c20e10537e73df52120
6616809fe10537e73df5214e,66166583fc13ae7017ab9291,66167c20e10537e6f9e78669
6616809fe10537e73df5214f,66166581fc13ae7017ab8fd7,66167c20e10537e85f4fe4b0
6616809fe10537e73df52150,66166582fc13ae7017ab90aa,66167c20e10537e8928bbf86
6616809fe10537e73df52151,66166582fc13ae7017ab9076,66167c20e10537e82b6ef78d
6616809fe10537e73df52152,66166582fc13ae7017ab9051,66167c20e10537e7c52103c9
6616809fe10537e73df52153,66166582fc13ae7017ab9179,66167c20e10537e752949fc5
6616809fe10537e73df52154,66166581fc13ae7017ab8ffd,66167c20e10537e7a67f3ebc
6616809fe10537e73df52155,66166583fc13ae7017ab91c5,66167c20e10537e770366221
6616809fe10537e73df52156,66166582fc13ae7017ab9102,66167c20e10537e8b1b76003
6616809fe10537e73df52157,66166583fc13ae7017ab91cc,66167c20e10537e72c310187
6616809fe10537e73df52158,66166582fc13ae7017ab902a,66167c20e10537e6dda6cc34
6616809fe10537e73df52159,66166582fc13ae7017ab907f,66167c20e10537e80c7b869f
6616809fe10537e73df5215a,66166583fc13ae7017ab91ca,66167c20e10537e7a3c972f6
6616809fe10537e73df5215b,66166581fc13ae7017ab9013,66167c20e10537e8a3bcf189
6616809fe10537e73df5215c,66166581fc13ae7017ab9000,66167c20e10537e875099c2a
661680a0e10537e73df5215d,66166582fc13ae7017ab9177,66167c20e10537e8928bbf86
661680a0e10537e73df5215e,66166583fc13ae7017ab9198,66167c20e10537e8c57ab3e8
6616809fe10537e7a3c97316,66166582fc13ae7017ab903f,66167c20e10537e6f9e78669
6616809fe10537e7a3c97317,66166583fc13ae7017ab9281,66167c20e10537e8c57ab3e8
6616809fe10537e7a3c97318,66166581fc13ae7017ab8f71,66167c20e10537e83e6ca509
6616809fe10537e7a3c97319,66166583fc13ae7017ab925c,66167c20e10537e7b003c74e
6616809fe10537e7a3c9731a,66166582fc13ae7017ab9033,66167c20e10537e72c310187
6616809fe10537e7a3c9731b,66166583fc13ae7017ab9262,66167c20e10537e770366221
6616809fe10537e7a3c9731c,66166581fc13ae7017ab8f6c,66167c20e10537e7916ba1e0
661680a0e10537e7a3c9731d,66166581fc13ae7017ab901d,66167c20e10537e82b6ef78d
661680a0e10537e7a3c9731e,66166581fc13ae7017ab8f6f,66167c20e10537e6d7ef1236
661680a0e10537e7a3c9731f,66166582fc13ae7017ab907e,66167c20e10537e7c2855baa
661680a0e10537e7a3c97320,66166582fc13ae7017ab90fa,66167c20e10537e7714b2053
661680a0e10537e7a3c97321,66166581fc13ae7017ab8f3c,66167c20e10537e85f4fe4b0
661680a0e10537e7a3c97322,66166581fc13ae7017ab8f13,66167c20e10537e875099c2a
661680a0e10537e7a3c97323,66166581fc13ae7017ab8f63,66167c20e10537e8a3bcf189
661680a0e10537e7a3c97324,66166583fc13ae7017ab920f,66167c20e10537e70a816c8d
661680a0e10537e7a3c97325,66166582fc13ae7017ab9092,66167c20e10537e73df52120
661680a0e10537e7a3c97326,66166581fc13ae7017ab8f55,66167c20e10537e8b1b76003
661680a0e10537e7a3c97327,66166582fc13ae7017ab9148,66167c20e10537e752949fc5
661680a0e10537e7a3c97328,66166583fc13ae7017ab91f2,66167c20e10537e80985c409
661680a0e10537e7a3c97329,66166583fc13ae7017ab9246,66167c20e10537e6c405f851
661680a0e10537e7a3c9732a,66166582fc13ae7017ab90a6,66167c20e10537e7a3c972f6
661680a0e10537e7a3c9732b,66166581fc13ae7017ab8fe0,66167c20e10537e83cb67476
661680a0e10537e7a3c9732c,66166582fc13ae7017ab9083,66167c20e10537e7a67f3ebc
661680a0e10537e7a3c9732d,66166583fc13ae7017ab9232,66167c20e10537e6dda6cc34
661680a0e10537e7a3c9732e,66166582fc13ae7017ab9068,66167c20e10537e7c52103c9
661680a0e10537e7a3c9732f,66166583fc13ae7017ab9297,66167c20e10537e71b41aa82
661680a0e10537e7a3c97330,66166583fc13ae7017ab921c,66167c20e10537e8928bbf86
661680a0e10537e7a3c97331,66166583fc13ae7017ab9271,66167c20e10537e80c7b869f
661680a0e10537e7a3c97332,66166582fc13ae7017ab90f3,66167c20e10537e841ea2dd5
661680a0e10537e7a3c97333,66166582fc13ae7017ab915f,66167c20e10537e8928bbf86
661680a0e10537e7a3c97334,66166582fc13ae7017ab914d,66167c20e10537e70a816c8d
6616809fe10537e7e7de072e,66166582fc13ae7017ab9076,66167c20e10537e7a67f3ebc
6616809fe10537e7e7de072f,66166583fc13ae7017ab929a,66167c20e10537e80985c409
6616809fe10537e7e7de0730,66166581fc13ae7017ab8f3f,66167c20e10537e6f9e78669
6616809fe10537e7e7de0731,66166581fc13ae7017ab8f09,66167c20e10537e841ea2dd5
6616809fe10537e7e7de0732,66166583fc13ae7017ab9266,66167c20e10537e80c7b869f
6616809fe10537e7e7de0733,66166583fc13ae7017ab9225,66167c20e10537e72c310187
6616809fe10537e7e7de0734,66166583fc13ae7017ab9203,66167c20e10537e6d7ef1236
6616809fe10537e7e7de0735,66166583fc13ae7017ab924b,66167c20e10537e7916ba1e0
6616809fe10537e7e7de0736,66166583fc13ae7017ab9225,66167c20e10537e7c2855baa
6616809fe10537e7e7de0737,66166583fc13ae7017ab9258,66167c20e10537e70a816c8d
6616809fe10537e7e7de0738,66166583fc13ae7017ab92ac,66167c20e10537e82b6ef78d
6616809fe10537e7e7de0739,66166583fc13ae7017ab91f4,66167c20e10537e85f4fe4b0
6616809fe10537e7e7de073a,66166581fc13ae7017ab8f7a,66167c20e10537e6c405f851
6616809fe10537e7e7de073b,66166581fc13ae7017ab8fbc,66167c20e10537e7714b2053
6616809fe10537e7e7de073c,66166581fc13ae7017ab8f1d,66167c20e10537e83cb67476
6616809fe10537e7e7de073d,66166582fc13ae7017ab90ca,66167c20e10537e71b41aa82
6616809fe10537e7e7de073e,66166582fc13ae7017ab9169,66167c20e10537e6dda6cc34
6616809fe10537e7e7de073f,66166583fc13ae7017ab91dc,66167c20e10537e770366221
6616809fe10537e7e7de0740,66166583fc13ae7017ab922a,66167c20e10537e875099c2a
6616809fe10537e7e7de0741,66166581fc13ae7017ab8fec,66167c20e10537e7a3c972f6
6616809fe10537e7e7de0742,66166581fc13ae7017ab8f15,66167c20e10537e83e6ca509
6616809fe10537e7e7de0743,66166581fc13ae7017ab8f3f,66167c20e10537e7b003c74e
6616809fe10537e7e7de0744,66166581fc13ae7017ab8fe1,66167c20e10537e8b1b76003
6616809fe10537e7e7de0745,66166581fc13ae7017ab8f3d,66167c20e10537e8928bbf86
6616809fe10537e7e7de0746,66166582fc13ae7017ab902f,66167c20e10537e8c57ab3e8
6616809fe10537e7e7de0747,66166582fc13ae7017ab9158,66167c20e10537e7c52103c9
6616809fe10537e7e7de0748,66166583fc13ae7017ab92d4,66167c20e10537e752949fc5
6616809fe10537e7e7de0749,66166583fc13ae7017ab92a8,66167c20e10537e8a3bcf189
6616809fe10537e7e7de074a,66166583fc13ae7017ab92b1,66167c20e10537e73df52120
661680a0e10537e7e7de074b,66166583fc13ae7017ab925c,66167c20e10537e752949fc5
661680a0e10537e7e7de074c,66166582fc13ae7017ab9034,66167c20e10537e7916ba1e0
6616809fe10537e740772d6f,66166581fc13ae7017ab901e,66167c20e10537e83cb67476
6616809fe10537e740772d70,66166581fc13ae7017ab8fc6,66167c20e10537e73df52120
6616809fe10537e740772d71,66166582fc13ae7017ab9167,66167c20e10537e7a3c972f6
6616809fe10537e740772d72,66166581fc13ae7017ab8f15,66167c20e10537e6dda6cc34
6616809fe10537e740772d73,66166581fc13ae7017ab8f0d,66167c20e10537e7916ba1e0
6616809fe10537e740772d74,66166583fc13ae7017ab9237,66167c20e10537e72c310187
6616809fe10537e740772d75,66166583fc13ae7017ab92ae,66167c20e10537e7b003c74e
6616809fe10537e740772d76,66166583fc13ae7017ab91e8,66167c20e10537e770366221
6616809fe10537e740772d77,66166582fc13ae7017ab9095,66167c20e10537e6d7ef1236
6616809fe10537e740772d78,66166582fc13ae7017ab90e8,66167c20e10537e6f9e78669
6616809fe10537e740772d79,66166581fc13ae7017ab8f20,66167c20e10537e752949fc5
6616809fe10537e740772d7a,66166581fc13ae7017ab8fed,66167c20e10537e875099c2a
6616809fe10537e740772d7b,66166583fc13ae7017ab920e,66167c20e10537e71b41aa82
6616809fe10537e740772d7c,66166582fc13ae7017ab9173,66167c20e10537e70a816c8d
6616809fe10537e740772d7d,66166581fc13ae7017ab8fcc,66167c20e10537e6c405f851
6616809fe10537e740772d7e,66166581fc13ae7017ab8f92,66167c20e10537e80985c409
6616809fe10537e740772d7f,66166582fc13ae7017ab9086,66167c20e10537e7c52103c9
6616809fe10537e740772d80,66166583fc13ae7017ab925e,66167c20e10537e80c7b869f
6616809fe10537e740772d81,66166582fc13ae7017ab904e,66167c20e10537e85f4fe4b0
6616809fe10537e740772d82,66166581fc13ae7017ab8f13,66167c20e10537e8928bbf86
6616809fe10537e740772d83,66166582fc13ae7017ab90e9,66167c20e10537e8c57ab3e8
6616809fe10537e740772d84,66166581fc13ae7017ab8f1e,66167c20e10537e7a67f3ebc
6616809fe10537e740772d85,66166582fc13ae7017ab90c1,66167c20e10537e8b1b76003
6616809fe10537e740772d86,66166582fc13ae7017ab9077,66167c20e10537e82b6ef78d
6616809fe10537e740772d87,66166582fc13ae7017ab90a8,66167c20e10537e7c2855baa
6616809fe10537e740772d88,66166583fc13ae7017ab9240,66167c20e10537e841ea2dd5
6616809fe10537e740772d89,66166582fc13ae7017ab90f0,66167c20e10537e8a3bcf189
6616809fe10537e740772d8a,66166581fc13ae7017ab8f69,66167c20e10537e83e6ca509
6616809fe10537e740772d8b,66166583fc13ae7017ab91e5,66167c20e10537e7714b2053
661680a0e10537e740772d8c,66166582fc13ae7017ab9171,66167c20e10537e6f9e78669
661680a0e10537e740772d8d,66166582fc13ae7017ab913c,66167c20e10537e72c310187
6616809fe10537e8d6b75efa,66166582fc13ae7017ab90d9,66167c20e10537e8b1b76003
6616809fe10537e8d6b75efb,66166581fc13ae7017ab8f76,66167c20e10537e6dda6cc34
6616809fe10537e8d6b75efc,66166582fc13ae7017ab9136,66167c20e10537e8928bbf86
6616809fe10537e8d6b75efd,66166581fc13ae7017ab8f28,66167c20e10537e83e6ca509
6616809fe10537e8d6b75efe,66166583fc13ae7017ab92ec,66167c20e10537e7c52103c9
6616809fe10537e8d6b75eff,66166581fc13ae7017ab8f9d,66167c20e10537e7a67f3ebc
6616809fe10537e8d6b75f00,66166582fc13ae7017ab905b,66167c20e10537e7a3c972f6
6616809fe10537e8d6b75f01,66166581fc13ae7017ab900e,66167c20e10537e80985c409
6616809fe10537e8d6b75f02,66166582fc13ae7017ab917a,66167c20e10537e841ea2dd5
6616809fe10537e8d6b75f03,66166582fc13ae7017ab9151,66167c20e10537e6d7ef1236
6616809fe10537e8d6b75f04,66166582fc13ae7017ab90a6,66167c20e10537e7714b2053
6616809fe10537e8d6b75f05,66166581fc13ae7017ab8f2a,66167c20e10537e7b003c74e
6616809fe10537e8d6b75f06,66166583fc13ae7017ab922e,66167c20e10537e752949fc5
6616809fe10537e8d6b75f07,66166582fc13ae7017ab9123,66167c20e10537e70a816c8d
6616809fe10537e8d6b75f08,66166583fc13ae7017ab91ee,66167c20e10537e8c57ab3e8
6616809fe10537e8d6b75f09,66166583fc13ae7017ab929b,66167c20e10537e6f9e78669
6616809fe10537e8d6b75f0a,66166583fc13ae7017ab91d6,66167c20e10537e7c2855baa
6616809fe10537e8d6b75f0b,66166581fc13ae7017ab8f40,66167c20e10537e8a3bcf189
6616809fe10537e8d6b75f0c,66166581fc13ae7017ab8fac,66167c20e10537e71b41aa82
6616809fe10537e8d6b75f0d,66166582fc13ae7017ab9121,66167c20e10537e6c405f851
6616809fe10537e8d6b75f0e,66166582fc13ae7017ab9049,66167c20e10537e85f4fe4b0
6616809fe10537e8d6b75f0f,66166581fc13ae7017ab8f5f,66167c20e10537e82b6ef78d
6616809fe10537e8d6b75f10,66166581fc13ae7017ab8f9b,66167c20e10537e83cb67476
6616809fe10537e8d6b75f11,66166582fc13ae7017ab9117,66167c20e10537e80c7b869f
6616809fe10537e8d6b75f12,66166581fc13ae7017ab8f12,66167c20e10537e875099c2a
6616809fe10537e8d6b75f13,66166581fc13ae7017ab8f35,66167c20e10537e72c310187
6616809fe10537e8d6b75f14,66166582fc13ae7017ab9150,66167c20e10537e73df52120
6616809fe10537e8d6b75f15,66166582fc13ae7017ab912a,66167c20e10537e7916ba1e0
6616809fe10537e8d6b75f16,66166583fc13ae7017ab92d5,66167c20e10537e770366221
661680a0e10537e8d6b75f17,66166582fc13ae7017ab908f,66167c20e10537e8c57ab3e8
661680a0e10537e8d6b75f18,66166583fc13ae7017ab92be,66167c20e10537e73df52120
661680a0e10537e8d6b75f19,66166583fc13ae7017ab92a3,66167c20e10537e82b6ef78d
661680a0e10537e8d6b75f1a,66166582fc13ae7017ab906c,66167c20e10537e7916ba1e0
661680a0e10537e8d6b75f1b,66166581fc13ae7017ab8f21,66167c20e10537e80985c409
661680a0e10537e8d6b75f1c,66166583fc13ae7017ab9216,66167c20e10537e7c52103c9
661680a0e10537e8d6b75f1d,66166583fc13ae7017ab928b,66167c20e10537e8a3bcf189
661680a0e10537e8d6b75f1e,66166581fc13ae7017ab900d,66167c20e10537e770366221
661680a0e10537e8d6b75f1f,66166583fc13ae7017ab9204,66167c20e10537e72c310187
661680a0e10537e8d6b75f20,66166583fc13ae7017ab92b1,66167c20e10537e6d7ef1236
